ISO-10303-21;
HEADER;
/*Generated by software containing ST-Developer
 * from STEP Tools, Inc. (www.steptools.com) 
 */
/*OPTION: using custom renumber hook */
/*description */
/*implementation_level */
FILE_DESCRIPTION(('STEP AP242 Edition 2','STEP AP242 Edition 2''CAx-IF Rec.Pracs.---Representation and Presentation of Product Manufa
cturing Information (PMI)---4.0---2014-10-13','STEP AP242 Edition 2''CAx-IF Rec.Pracs.---Representation and Presentation of Product Manufa
cturing Information (PMI)---4.0---2014-10-13''CAx-IF Rec.Pracs.---3D Tessellated Geometry---0.4---2014-09-14','STEP AP242 Edition 2''CAx-IF Rec.Pracs.---Representation and Presentation of Product Manufa
cturing Information (PMI)---4.0---2014-10-13''CAx-IF Rec.Pracs.---3D Tessellated Geometry---0.4---2014-09-14''2;1','STEP AP242 Edition 2''CAx-IF Rec.Pracs.---Representation and Presentation of Product Manufa
cturing Information (PMI)---4.0---2014-10-13''CAx-IF Rec.Pracs.---3D Tessellated Geometry---0.4---2014-09-14''2;1''CAx-IF Rec.Pracs.---User Defined Attributes---1.5---2016-08-15'),'2;1');
/*name */
/*time_stamp */
/*author */
/*organization */
/*preprocessor_version */
/*originating_system */
/*authorisation */
FILE_NAME('/vol/tmp/translate-4883796785854620912/CASE r3.2 (low profile) - Bottom Left.step','2026-04-03T15:05:43',(''),(''),'ST-DEVELOPER v20','ONSHAPE BY PTC INC, 1.212','  ');
FILE_SCHEMA(('AP242_MANAGED_MODEL_BASED_3D_ENGINEERING_MIM_LF { 1 0 10303 442 3 1 4 }'));
ENDSEC;
DATA;
#10=SHAPE_REPRESENTATION_RELATIONSHIP('','',#549,#11);
#11=ADVANCED_BREP_SHAPE_REPRESENTATION('',(#547),#1027);
#12=CONICAL_SURFACE('',#598,0.00336,0.785398163397448);
#13=CONICAL_SURFACE('',#601,0.00336,0.785398163397448);
#14=CONICAL_SURFACE('',#604,0.00336,0.785398163397448);
#15=CONICAL_SURFACE('',#607,0.00336,0.785398163397448);
#16=CONICAL_SURFACE('',#615,0.00336,0.785398163397448);
#17=CONICAL_SURFACE('',#618,0.00336,0.785398163397448);
#18=CONICAL_SURFACE('',#621,0.00336,0.785398163397448);
#19=CONICAL_SURFACE('',#624,0.00336,0.785398163397448);
#20=CYLINDRICAL_SURFACE('',#591,0.0339425313621906);
#21=CYLINDRICAL_SURFACE('',#592,0.0404);
#22=CYLINDRICAL_SURFACE('',#593,0.0276);
#23=CYLINDRICAL_SURFACE('',#594,0.1196);
#24=CYLINDRICAL_SURFACE('',#595,0.1576);
#25=CYLINDRICAL_SURFACE('',#596,0.0016);
#26=CYLINDRICAL_SURFACE('',#599,0.0016);
#27=CYLINDRICAL_SURFACE('',#602,0.0016);
#28=CYLINDRICAL_SURFACE('',#605,0.0016);
#29=CYLINDRICAL_SURFACE('',#608,0.0339425313621906);
#30=CYLINDRICAL_SURFACE('',#609,0.0404);
#31=CYLINDRICAL_SURFACE('',#610,0.0276);
#32=CYLINDRICAL_SURFACE('',#611,0.1196);
#33=CYLINDRICAL_SURFACE('',#612,0.1576);
#34=CYLINDRICAL_SURFACE('',#613,0.0016);
#35=CYLINDRICAL_SURFACE('',#616,0.0016);
#36=CYLINDRICAL_SURFACE('',#619,0.0016);
#37=CYLINDRICAL_SURFACE('',#622,0.0016);
#38=B_SPLINE_SURFACE_WITH_KNOTS('',3,1,((#927,#928),(#929,#930),(#931,#932),(#933,#934),(#935,#936),(#937,#938),(#939,#940),(#941,#942),(#943,#944),(#945,#946),(#947,#948)),.SURF_OF_LINEAR_EXTRUSION.,.F.,.F.,.F.,(4,1,1,1,1,1,1,1,4),(2,2),(0.223674791303905,0.417756093477928,0.51479674456494,0.611837395651952,0.708878046738964,0.805918697825976,0.902959348912988,0.951479674456494,1.),(0.,1.),.UNSPECIFIED.);
#39=B_SPLINE_SURFACE_WITH_KNOTS('',3,1,((#978,#979),(#980,#981),(#982,#983),(#984,#985),(#986,#987),(#988,#989),(#990,#991),(#992,#993),(#994,#995),(#996,#997),(#998,#999)),.SURF_OF_LINEAR_EXTRUSION.,.F.,.F.,.F.,(4,1,1,1,1,1,1,1,4),(2,2),(0.223674791303905,0.417756093477928,0.51479674456494,0.611837395651952,0.708878046738964,0.805918697825976,0.902959348912988,0.951479674456494,1.),(0.,1.),.UNSPECIFIED.);
#40=B_SPLINE_CURVE_WITH_KNOTS('',3,(#818,#819,#820,#821,#822,#823,#824,#825,#826,#827,#828),.UNSPECIFIED.,.F.,.F.,(4,1,1,1,1,1,1,1,4),(0.223674791303905,0.417756093477928,0.51479674456494,0.611837395651952,0.708878046738964,0.805918697825976,0.902959348912988,0.951479674456494,1.),.UNSPECIFIED.);
#41=B_SPLINE_CURVE_WITH_KNOTS('',3,(#832,#833,#834,#835,#836,#837,#838,#839,#840,#841,#842),.UNSPECIFIED.,.F.,.F.,(4,1,1,1,1,1,1,1,4),(0.223674791303905,0.417756093477928,0.51479674456494,0.611837395651952,0.708878046738964,0.805918697825976,0.902959348912988,0.951479674456494,1.),.UNSPECIFIED.);
#42=B_SPLINE_CURVE_WITH_KNOTS('',3,(#881,#882,#883,#884,#885,#886,#887,#888,#889,#890,#891),.UNSPECIFIED.,.F.,.F.,(4,1,1,1,1,1,1,1,4),(0.223674791303905,0.417756093477929,0.514796744564941,0.611837395651952,0.708878046738964,0.805918697825976,0.902959348912988,0.951479674456494,1.),.UNSPECIFIED.);
#43=B_SPLINE_CURVE_WITH_KNOTS('',3,(#895,#896,#897,#898,#899,#900,#901,#902,#903,#904,#905),.UNSPECIFIED.,.F.,.F.,(4,1,1,1,1,1,1,1,4),(0.223674791303911,0.417756093477933,0.514796744564945,0.611837395651956,0.708878046738967,0.805918697825978,0.902959348912989,0.951479674456494,1.),.UNSPECIFIED.);
#44=LINE('',#806,#62);
#45=LINE('',#830,#63);
#46=LINE('',#868,#64);
#47=LINE('',#893,#65);
#48=LINE('',#925,#66);
#49=LINE('',#926,#67);
#50=LINE('',#949,#68);
#51=LINE('',#951,#69);
#52=LINE('',#952,#70);
#53=LINE('',#954,#71);
#54=LINE('',#956,#72);
#55=LINE('',#958,#73);
#56=LINE('',#960,#74);
#57=LINE('',#1000,#75);
#58=LINE('',#1002,#76);
#59=LINE('',#1004,#77);
#60=LINE('',#1006,#78);
#61=LINE('',#1008,#79);
#62=VECTOR('',#639,1.);
#63=VECTOR('',#650,1.);
#64=VECTOR('',#677,1.);
#65=VECTOR('',#688,1.);
#66=VECTOR('',#709,1.);
#67=VECTOR('',#710,1.);
#68=VECTOR('',#711,1.);
#69=VECTOR('',#714,1.);
#70=VECTOR('',#715,1.);
#71=VECTOR('',#718,1.);
#72=VECTOR('',#721,1.);
#73=VECTOR('',#724,1.);
#74=VECTOR('',#727,1.);
#75=VECTOR('',#754,1.);
#76=VECTOR('',#757,1.);
#77=VECTOR('',#760,1.);
#78=VECTOR('',#763,1.);
#79=VECTOR('',#766,1.);
#80=ORIENTED_EDGE('',*,*,#212,.F.);
#81=ORIENTED_EDGE('',*,*,#213,.F.);
#82=ORIENTED_EDGE('',*,*,#214,.F.);
#83=ORIENTED_EDGE('',*,*,#215,.F.);
#84=ORIENTED_EDGE('',*,*,#216,.T.);
#85=ORIENTED_EDGE('',*,*,#217,.T.);
#86=ORIENTED_EDGE('',*,*,#218,.F.);
#87=ORIENTED_EDGE('',*,*,#219,.T.);
#88=ORIENTED_EDGE('',*,*,#220,.F.);
#89=ORIENTED_EDGE('',*,*,#221,.F.);
#90=ORIENTED_EDGE('',*,*,#222,.F.);
#91=ORIENTED_EDGE('',*,*,#223,.F.);
#92=ORIENTED_EDGE('',*,*,#224,.T.);
#93=ORIENTED_EDGE('',*,*,#225,.T.);
#94=ORIENTED_EDGE('',*,*,#226,.T.);
#95=ORIENTED_EDGE('',*,*,#227,.T.);
#96=ORIENTED_EDGE('',*,*,#228,.T.);
#97=ORIENTED_EDGE('',*,*,#229,.F.);
#98=ORIENTED_EDGE('',*,*,#230,.T.);
#99=ORIENTED_EDGE('',*,*,#231,.T.);
#100=ORIENTED_EDGE('',*,*,#232,.T.);
#101=ORIENTED_EDGE('',*,*,#233,.T.);
#102=ORIENTED_EDGE('',*,*,#234,.T.);
#103=ORIENTED_EDGE('',*,*,#235,.T.);
#104=ORIENTED_EDGE('',*,*,#236,.T.);
#105=ORIENTED_EDGE('',*,*,#237,.T.);
#106=ORIENTED_EDGE('',*,*,#238,.F.);
#107=ORIENTED_EDGE('',*,*,#239,.F.);
#108=ORIENTED_EDGE('',*,*,#240,.T.);
#109=ORIENTED_EDGE('',*,*,#241,.F.);
#110=ORIENTED_EDGE('',*,*,#242,.F.);
#111=ORIENTED_EDGE('',*,*,#243,.F.);
#112=ORIENTED_EDGE('',*,*,#244,.F.);
#113=ORIENTED_EDGE('',*,*,#245,.F.);
#114=ORIENTED_EDGE('',*,*,#246,.T.);
#115=ORIENTED_EDGE('',*,*,#247,.T.);
#116=ORIENTED_EDGE('',*,*,#248,.T.);
#117=ORIENTED_EDGE('',*,*,#249,.T.);
#118=ORIENTED_EDGE('',*,*,#250,.F.);
#119=ORIENTED_EDGE('',*,*,#251,.T.);
#120=ORIENTED_EDGE('',*,*,#252,.F.);
#121=ORIENTED_EDGE('',*,*,#253,.F.);
#122=ORIENTED_EDGE('',*,*,#254,.F.);
#123=ORIENTED_EDGE('',*,*,#255,.F.);
#124=ORIENTED_EDGE('',*,*,#245,.T.);
#125=ORIENTED_EDGE('',*,*,#256,.F.);
#126=ORIENTED_EDGE('',*,*,#224,.F.);
#127=ORIENTED_EDGE('',*,*,#257,.T.);
#128=ORIENTED_EDGE('',*,*,#244,.T.);
#129=ORIENTED_EDGE('',*,*,#258,.F.);
#130=ORIENTED_EDGE('',*,*,#225,.F.);
#131=ORIENTED_EDGE('',*,*,#256,.T.);
#132=ORIENTED_EDGE('',*,*,#238,.T.);
#133=ORIENTED_EDGE('',*,*,#259,.F.);
#134=ORIENTED_EDGE('',*,*,#217,.F.);
#135=ORIENTED_EDGE('',*,*,#260,.T.);
#136=ORIENTED_EDGE('',*,*,#239,.T.);
#137=ORIENTED_EDGE('',*,*,#260,.F.);
#138=ORIENTED_EDGE('',*,*,#216,.F.);
#139=ORIENTED_EDGE('',*,*,#261,.T.);
#140=ORIENTED_EDGE('',*,*,#240,.F.);
#141=ORIENTED_EDGE('',*,*,#261,.F.);
#142=ORIENTED_EDGE('',*,*,#229,.T.);
#143=ORIENTED_EDGE('',*,*,#262,.T.);
#144=ORIENTED_EDGE('',*,*,#241,.T.);
#145=ORIENTED_EDGE('',*,*,#262,.F.);
#146=ORIENTED_EDGE('',*,*,#228,.F.);
#147=ORIENTED_EDGE('',*,*,#263,.T.);
#148=ORIENTED_EDGE('',*,*,#242,.T.);
#149=ORIENTED_EDGE('',*,*,#263,.F.);
#150=ORIENTED_EDGE('',*,*,#227,.F.);
#151=ORIENTED_EDGE('',*,*,#264,.T.);
#152=ORIENTED_EDGE('',*,*,#243,.T.);
#153=ORIENTED_EDGE('',*,*,#264,.F.);
#154=ORIENTED_EDGE('',*,*,#226,.F.);
#155=ORIENTED_EDGE('',*,*,#258,.T.);
#156=ORIENTED_EDGE('',*,*,#215,.T.);
#157=ORIENTED_EDGE('',*,*,#265,.F.);
#158=ORIENTED_EDGE('',*,*,#265,.T.);
#159=ORIENTED_EDGE('',*,*,#237,.F.);
#160=ORIENTED_EDGE('',*,*,#214,.T.);
#161=ORIENTED_EDGE('',*,*,#266,.F.);
#162=ORIENTED_EDGE('',*,*,#266,.T.);
#163=ORIENTED_EDGE('',*,*,#236,.F.);
#164=ORIENTED_EDGE('',*,*,#213,.T.);
#165=ORIENTED_EDGE('',*,*,#267,.F.);
#166=ORIENTED_EDGE('',*,*,#267,.T.);
#167=ORIENTED_EDGE('',*,*,#235,.F.);
#168=ORIENTED_EDGE('',*,*,#212,.T.);
#169=ORIENTED_EDGE('',*,*,#268,.F.);
#170=ORIENTED_EDGE('',*,*,#268,.T.);
#171=ORIENTED_EDGE('',*,*,#234,.F.);
#172=ORIENTED_EDGE('',*,*,#246,.F.);
#173=ORIENTED_EDGE('',*,*,#257,.F.);
#174=ORIENTED_EDGE('',*,*,#223,.T.);
#175=ORIENTED_EDGE('',*,*,#269,.T.);
#176=ORIENTED_EDGE('',*,*,#251,.F.);
#177=ORIENTED_EDGE('',*,*,#270,.F.);
#178=ORIENTED_EDGE('',*,*,#218,.T.);
#179=ORIENTED_EDGE('',*,*,#259,.T.);
#180=ORIENTED_EDGE('',*,*,#250,.T.);
#181=ORIENTED_EDGE('',*,*,#271,.F.);
#182=ORIENTED_EDGE('',*,*,#219,.F.);
#183=ORIENTED_EDGE('',*,*,#270,.T.);
#184=ORIENTED_EDGE('',*,*,#249,.F.);
#185=ORIENTED_EDGE('',*,*,#272,.F.);
#186=ORIENTED_EDGE('',*,*,#220,.T.);
#187=ORIENTED_EDGE('',*,*,#271,.T.);
#188=ORIENTED_EDGE('',*,*,#248,.F.);
#189=ORIENTED_EDGE('',*,*,#273,.F.);
#190=ORIENTED_EDGE('',*,*,#221,.T.);
#191=ORIENTED_EDGE('',*,*,#272,.T.);
#192=ORIENTED_EDGE('',*,*,#247,.F.);
#193=ORIENTED_EDGE('',*,*,#269,.F.);
#194=ORIENTED_EDGE('',*,*,#222,.T.);
#195=ORIENTED_EDGE('',*,*,#273,.T.);
#196=ORIENTED_EDGE('',*,*,#233,.F.);
#197=ORIENTED_EDGE('',*,*,#274,.T.);
#198=ORIENTED_EDGE('',*,*,#274,.F.);
#199=ORIENTED_EDGE('',*,*,#255,.T.);
#200=ORIENTED_EDGE('',*,*,#232,.F.);
#201=ORIENTED_EDGE('',*,*,#275,.T.);
#202=ORIENTED_EDGE('',*,*,#275,.F.);
#203=ORIENTED_EDGE('',*,*,#254,.T.);
#204=ORIENTED_EDGE('',*,*,#231,.F.);
#205=ORIENTED_EDGE('',*,*,#276,.T.);
#206=ORIENTED_EDGE('',*,*,#276,.F.);
#207=ORIENTED_EDGE('',*,*,#253,.T.);
#208=ORIENTED_EDGE('',*,*,#230,.F.);
#209=ORIENTED_EDGE('',*,*,#277,.T.);
#210=ORIENTED_EDGE('',*,*,#277,.F.);
#211=ORIENTED_EDGE('',*,*,#252,.T.);
#212=EDGE_CURVE('',#278,#278,#330,.T.);
#213=EDGE_CURVE('',#279,#279,#331,.T.);
#214=EDGE_CURVE('',#280,#280,#332,.T.);
#215=EDGE_CURVE('',#281,#281,#333,.T.);
#216=EDGE_CURVE('',#282,#283,#334,.F.);
#217=EDGE_CURVE('',#283,#284,#44,.T.);
#218=EDGE_CURVE('',#285,#284,#335,.F.);
#219=EDGE_CURVE('',#285,#286,#336,.F.);
#220=EDGE_CURVE('',#287,#286,#337,.F.);
#221=EDGE_CURVE('',#288,#287,#338,.F.);
#222=EDGE_CURVE('',#289,#288,#339,.F.);
#223=EDGE_CURVE('',#290,#289,#40,.T.);
#224=EDGE_CURVE('',#290,#291,#45,.F.);
#225=EDGE_CURVE('',#291,#292,#41,.T.);
#226=EDGE_CURVE('',#292,#293,#340,.F.);
#227=EDGE_CURVE('',#293,#294,#341,.F.);
#228=EDGE_CURVE('',#294,#295,#342,.F.);
#229=EDGE_CURVE('',#282,#295,#343,.F.);
#230=EDGE_CURVE('',#296,#296,#344,.T.);
#231=EDGE_CURVE('',#297,#297,#345,.T.);
#232=EDGE_CURVE('',#298,#298,#346,.T.);
#233=EDGE_CURVE('',#299,#299,#347,.T.);
#234=EDGE_CURVE('',#300,#300,#348,.T.);
#235=EDGE_CURVE('',#301,#301,#349,.T.);
#236=EDGE_CURVE('',#302,#302,#350,.T.);
#237=EDGE_CURVE('',#303,#303,#351,.T.);
#238=EDGE_CURVE('',#304,#305,#46,.T.);
#239=EDGE_CURVE('',#306,#304,#352,.F.);
#240=EDGE_CURVE('',#306,#307,#353,.F.);
#241=EDGE_CURVE('',#308,#307,#354,.F.);
#242=EDGE_CURVE('',#309,#308,#355,.F.);
#243=EDGE_CURVE('',#310,#309,#356,.F.);
#244=EDGE_CURVE('',#311,#310,#42,.T.);
#245=EDGE_CURVE('',#312,#311,#47,.F.);
#246=EDGE_CURVE('',#312,#313,#43,.T.);
#247=EDGE_CURVE('',#313,#314,#357,.F.);
#248=EDGE_CURVE('',#314,#315,#358,.F.);
#249=EDGE_CURVE('',#315,#316,#359,.F.);
#250=EDGE_CURVE('',#317,#316,#360,.F.);
#251=EDGE_CURVE('',#317,#305,#361,.F.);
#252=EDGE_CURVE('',#318,#318,#362,.T.);
#253=EDGE_CURVE('',#319,#319,#363,.T.);
#254=EDGE_CURVE('',#320,#320,#364,.T.);
#255=EDGE_CURVE('',#321,#321,#365,.T.);
#256=EDGE_CURVE('',#291,#311,#48,.T.);
#257=EDGE_CURVE('',#290,#312,#49,.T.);
#258=EDGE_CURVE('',#292,#310,#50,.T.);
#259=EDGE_CURVE('',#284,#305,#51,.F.);
#260=EDGE_CURVE('',#283,#304,#52,.F.);
#261=EDGE_CURVE('',#282,#306,#53,.T.);
#262=EDGE_CURVE('',#295,#307,#54,.T.);
#263=EDGE_CURVE('',#294,#308,#55,.T.);
#264=EDGE_CURVE('',#293,#309,#56,.T.);
#265=EDGE_CURVE('',#322,#322,#366,.T.);
#266=EDGE_CURVE('',#323,#323,#367,.T.);
#267=EDGE_CURVE('',#324,#324,#368,.T.);
#268=EDGE_CURVE('',#325,#325,#369,.T.);
#269=EDGE_CURVE('',#289,#313,#57,.T.);
#270=EDGE_CURVE('',#285,#317,#58,.T.);
#271=EDGE_CURVE('',#286,#316,#59,.T.);
#272=EDGE_CURVE('',#287,#315,#60,.T.);
#273=EDGE_CURVE('',#288,#314,#61,.T.);
#274=EDGE_CURVE('',#326,#326,#370,.T.);
#275=EDGE_CURVE('',#327,#327,#371,.T.);
#276=EDGE_CURVE('',#328,#328,#372,.T.);
#277=EDGE_CURVE('',#329,#329,#373,.T.);
#278=VERTEX_POINT('',#796);
#279=VERTEX_POINT('',#798);
#280=VERTEX_POINT('',#800);
#281=VERTEX_POINT('',#802);
#282=VERTEX_POINT('',#804);
#283=VERTEX_POINT('',#805);
#284=VERTEX_POINT('',#807);
#285=VERTEX_POINT('',#809);
#286=VERTEX_POINT('',#811);
#287=VERTEX_POINT('',#813);
#288=VERTEX_POINT('',#815);
#289=VERTEX_POINT('',#817);
#290=VERTEX_POINT('',#829);
#291=VERTEX_POINT('',#831);
#292=VERTEX_POINT('',#843);
#293=VERTEX_POINT('',#845);
#294=VERTEX_POINT('',#847);
#295=VERTEX_POINT('',#849);
#296=VERTEX_POINT('',#852);
#297=VERTEX_POINT('',#854);
#298=VERTEX_POINT('',#856);
#299=VERTEX_POINT('',#858);
#300=VERTEX_POINT('',#861);
#301=VERTEX_POINT('',#863);
#302=VERTEX_POINT('',#865);
#303=VERTEX_POINT('',#867);
#304=VERTEX_POINT('',#869);
#305=VERTEX_POINT('',#870);
#306=VERTEX_POINT('',#872);
#307=VERTEX_POINT('',#874);
#308=VERTEX_POINT('',#876);
#309=VERTEX_POINT('',#878);
#310=VERTEX_POINT('',#880);
#311=VERTEX_POINT('',#892);
#312=VERTEX_POINT('',#894);
#313=VERTEX_POINT('',#906);
#314=VERTEX_POINT('',#908);
#315=VERTEX_POINT('',#910);
#316=VERTEX_POINT('',#912);
#317=VERTEX_POINT('',#914);
#318=VERTEX_POINT('',#917);
#319=VERTEX_POINT('',#919);
#320=VERTEX_POINT('',#921);
#321=VERTEX_POINT('',#923);
#322=VERTEX_POINT('',#964);
#323=VERTEX_POINT('',#968);
#324=VERTEX_POINT('',#972);
#325=VERTEX_POINT('',#976);
#326=VERTEX_POINT('',#1012);
#327=VERTEX_POINT('',#1016);
#328=VERTEX_POINT('',#1020);
#329=VERTEX_POINT('',#1024);
#330=CIRCLE('',#552,0.0016);
#331=CIRCLE('',#553,0.0016);
#332=CIRCLE('',#554,0.0016);
#333=CIRCLE('',#555,0.0016);
#334=CIRCLE('',#556,0.0339425313621906);
#335=CIRCLE('',#557,0.0339425313621906);
#336=CIRCLE('',#558,0.0404);
#337=CIRCLE('',#559,0.0276);
#338=CIRCLE('',#560,0.1196);
#339=CIRCLE('',#561,0.1576);
#340=CIRCLE('',#562,0.1576);
#341=CIRCLE('',#563,0.1196);
#342=CIRCLE('',#564,0.0276);
#343=CIRCLE('',#565,0.0404);
#344=CIRCLE('',#566,0.0016);
#345=CIRCLE('',#567,0.0016);
#346=CIRCLE('',#568,0.0016);
#347=CIRCLE('',#569,0.0016);
#348=CIRCLE('',#571,0.00336);
#349=CIRCLE('',#572,0.00336);
#350=CIRCLE('',#573,0.00336);
#351=CIRCLE('',#574,0.00336);
#352=CIRCLE('',#575,0.0339425313621906);
#353=CIRCLE('',#576,0.0404);
#354=CIRCLE('',#577,0.0276);
#355=CIRCLE('',#578,0.1196);
#356=CIRCLE('',#579,0.1576);
#357=CIRCLE('',#580,0.1576);
#358=CIRCLE('',#581,0.1196);
#359=CIRCLE('',#582,0.0276);
#360=CIRCLE('',#583,0.0404);
#361=CIRCLE('',#584,0.0339425313621906);
#362=CIRCLE('',#585,0.00336);
#363=CIRCLE('',#586,0.00336);
#364=CIRCLE('',#587,0.00336);
#365=CIRCLE('',#588,0.00336);
#366=CIRCLE('',#597,0.0016);
#367=CIRCLE('',#600,0.0016);
#368=CIRCLE('',#603,0.0016);
#369=CIRCLE('',#606,0.0016);
#370=CIRCLE('',#614,0.0016);
#371=CIRCLE('',#617,0.0016);
#372=CIRCLE('',#620,0.0016);
#373=CIRCLE('',#623,0.0016);
#374=EDGE_LOOP('',(#80));
#375=EDGE_LOOP('',(#81));
#376=EDGE_LOOP('',(#82));
#377=EDGE_LOOP('',(#83));
#378=EDGE_LOOP('',(#84,#85,#86,#87,#88,#89,#90,#91,#92,#93,#94,#95,#96,#97));
#379=EDGE_LOOP('',(#98));
#380=EDGE_LOOP('',(#99));
#381=EDGE_LOOP('',(#100));
#382=EDGE_LOOP('',(#101));
#383=EDGE_LOOP('',(#102));
#384=EDGE_LOOP('',(#103));
#385=EDGE_LOOP('',(#104));
#386=EDGE_LOOP('',(#105));
#387=EDGE_LOOP('',(#106,#107,#108,#109,#110,#111,#112,#113,#114,#115,#116,#117,#118,#119));
#388=EDGE_LOOP('',(#120));
#389=EDGE_LOOP('',(#121));
#390=EDGE_LOOP('',(#122));
#391=EDGE_LOOP('',(#123));
#392=EDGE_LOOP('',(#124,#125,#126,#127));
#393=EDGE_LOOP('',(#128,#129,#130,#131));
#394=EDGE_LOOP('',(#132,#133,#134,#135));
#395=EDGE_LOOP('',(#136,#137,#138,#139));
#396=EDGE_LOOP('',(#140,#141,#142,#143));
#397=EDGE_LOOP('',(#144,#145,#146,#147));
#398=EDGE_LOOP('',(#148,#149,#150,#151));
#399=EDGE_LOOP('',(#152,#153,#154,#155));
#400=EDGE_LOOP('',(#156));
#401=EDGE_LOOP('',(#157));
#402=EDGE_LOOP('',(#158));
#403=EDGE_LOOP('',(#159));
#404=EDGE_LOOP('',(#160));
#405=EDGE_LOOP('',(#161));
#406=EDGE_LOOP('',(#162));
#407=EDGE_LOOP('',(#163));
#408=EDGE_LOOP('',(#164));
#409=EDGE_LOOP('',(#165));
#410=EDGE_LOOP('',(#166));
#411=EDGE_LOOP('',(#167));
#412=EDGE_LOOP('',(#168));
#413=EDGE_LOOP('',(#169));
#414=EDGE_LOOP('',(#170));
#415=EDGE_LOOP('',(#171));
#416=EDGE_LOOP('',(#172,#173,#174,#175));
#417=EDGE_LOOP('',(#176,#177,#178,#179));
#418=EDGE_LOOP('',(#180,#181,#182,#183));
#419=EDGE_LOOP('',(#184,#185,#186,#187));
#420=EDGE_LOOP('',(#188,#189,#190,#191));
#421=EDGE_LOOP('',(#192,#193,#194,#195));
#422=EDGE_LOOP('',(#196));
#423=EDGE_LOOP('',(#197));
#424=EDGE_LOOP('',(#198));
#425=EDGE_LOOP('',(#199));
#426=EDGE_LOOP('',(#200));
#427=EDGE_LOOP('',(#201));
#428=EDGE_LOOP('',(#202));
#429=EDGE_LOOP('',(#203));
#430=EDGE_LOOP('',(#204));
#431=EDGE_LOOP('',(#205));
#432=EDGE_LOOP('',(#206));
#433=EDGE_LOOP('',(#207));
#434=EDGE_LOOP('',(#208));
#435=EDGE_LOOP('',(#209));
#436=EDGE_LOOP('',(#210));
#437=EDGE_LOOP('',(#211));
#438=FACE_BOUND('',#374,.T.);
#439=FACE_BOUND('',#375,.T.);
#440=FACE_BOUND('',#376,.T.);
#441=FACE_BOUND('',#377,.T.);
#442=FACE_BOUND('',#378,.T.);
#443=FACE_BOUND('',#379,.T.);
#444=FACE_BOUND('',#380,.T.);
#445=FACE_BOUND('',#381,.T.);
#446=FACE_BOUND('',#382,.T.);
#447=FACE_BOUND('',#383,.T.);
#448=FACE_BOUND('',#384,.T.);
#449=FACE_BOUND('',#385,.T.);
#450=FACE_BOUND('',#386,.T.);
#451=FACE_BOUND('',#387,.T.);
#452=FACE_BOUND('',#388,.T.);
#453=FACE_BOUND('',#389,.T.);
#454=FACE_BOUND('',#390,.T.);
#455=FACE_BOUND('',#391,.T.);
#456=FACE_BOUND('',#392,.T.);
#457=FACE_BOUND('',#393,.T.);
#458=FACE_BOUND('',#394,.T.);
#459=FACE_BOUND('',#395,.T.);
#460=FACE_BOUND('',#396,.T.);
#461=FACE_BOUND('',#397,.T.);
#462=FACE_BOUND('',#398,.T.);
#463=FACE_BOUND('',#399,.T.);
#464=FACE_BOUND('',#400,.T.);
#465=FACE_BOUND('',#401,.T.);
#466=FACE_BOUND('',#402,.T.);
#467=FACE_BOUND('',#403,.T.);
#468=FACE_BOUND('',#404,.T.);
#469=FACE_BOUND('',#405,.T.);
#470=FACE_BOUND('',#406,.T.);
#471=FACE_BOUND('',#407,.T.);
#472=FACE_BOUND('',#408,.T.);
#473=FACE_BOUND('',#409,.T.);
#474=FACE_BOUND('',#410,.T.);
#475=FACE_BOUND('',#411,.T.);
#476=FACE_BOUND('',#412,.T.);
#477=FACE_BOUND('',#413,.T.);
#478=FACE_BOUND('',#414,.T.);
#479=FACE_BOUND('',#415,.T.);
#480=FACE_BOUND('',#416,.T.);
#481=FACE_BOUND('',#417,.T.);
#482=FACE_BOUND('',#418,.T.);
#483=FACE_BOUND('',#419,.T.);
#484=FACE_BOUND('',#420,.T.);
#485=FACE_BOUND('',#421,.T.);
#486=FACE_BOUND('',#422,.T.);
#487=FACE_BOUND('',#423,.T.);
#488=FACE_BOUND('',#424,.T.);
#489=FACE_BOUND('',#425,.T.);
#490=FACE_BOUND('',#426,.T.);
#491=FACE_BOUND('',#427,.T.);
#492=FACE_BOUND('',#428,.T.);
#493=FACE_BOUND('',#429,.T.);
#494=FACE_BOUND('',#430,.T.);
#495=FACE_BOUND('',#431,.T.);
#496=FACE_BOUND('',#432,.T.);
#497=FACE_BOUND('',#433,.T.);
#498=FACE_BOUND('',#434,.T.);
#499=FACE_BOUND('',#435,.T.);
#500=FACE_BOUND('',#436,.T.);
#501=FACE_BOUND('',#437,.T.);
#502=PLANE('',#551);
#503=PLANE('',#570);
#504=PLANE('',#589);
#505=PLANE('',#590);
#506=ADVANCED_FACE('',(#438,#439,#440,#441,#442,#443,#444,#445,#446),#502,.F.);
#507=ADVANCED_FACE('',(#447,#448,#449,#450,#451,#452,#453,#454,#455),#503,.T.);
#508=ADVANCED_FACE('',(#456),#504,.F.);
#509=ADVANCED_FACE('',(#457),#38,.F.);
#510=ADVANCED_FACE('',(#458),#505,.F.);
#511=ADVANCED_FACE('',(#459),#20,.T.);
#512=ADVANCED_FACE('',(#460),#21,.F.);
#513=ADVANCED_FACE('',(#461),#22,.T.);
#514=ADVANCED_FACE('',(#462),#23,.T.);
#515=ADVANCED_FACE('',(#463),#24,.T.);
#516=ADVANCED_FACE('',(#464,#465),#25,.F.);
#517=ADVANCED_FACE('',(#466,#467),#12,.F.);
#518=ADVANCED_FACE('',(#468,#469),#26,.F.);
#519=ADVANCED_FACE('',(#470,#471),#13,.F.);
#520=ADVANCED_FACE('',(#472,#473),#27,.F.);
#521=ADVANCED_FACE('',(#474,#475),#14,.F.);
#522=ADVANCED_FACE('',(#476,#477),#28,.F.);
#523=ADVANCED_FACE('',(#478,#479),#15,.F.);
#524=ADVANCED_FACE('',(#480),#39,.T.);
#525=ADVANCED_FACE('',(#481),#29,.T.);
#526=ADVANCED_FACE('',(#482),#30,.F.);
#527=ADVANCED_FACE('',(#483),#31,.T.);
#528=ADVANCED_FACE('',(#484),#32,.T.);
#529=ADVANCED_FACE('',(#485),#33,.T.);
#530=ADVANCED_FACE('',(#486,#487),#34,.F.);
#531=ADVANCED_FACE('',(#488,#489),#16,.F.);
#532=ADVANCED_FACE('',(#490,#491),#35,.F.);
#533=ADVANCED_FACE('',(#492,#493),#17,.F.);
#534=ADVANCED_FACE('',(#494,#495),#36,.F.);
#535=ADVANCED_FACE('',(#496,#497),#18,.F.);
#536=ADVANCED_FACE('',(#498,#499),#37,.F.);
#537=ADVANCED_FACE('',(#500,#501),#19,.F.);
#538=CLOSED_SHELL('',(#506,#507,#508,#509,#510,#511,#512,#513,#514,#515,#516,#517,#518,#519,#520,#521,#522,#523,#524,#525,#526,#527,#528,#529,#530,#531,#532,#533,#534,#535,#536,#537));
#539=STYLED_ITEM('',(#540),#547);
#540=PRESENTATION_STYLE_ASSIGNMENT((#541));
#541=SURFACE_STYLE_USAGE(.BOTH.,#542);
#542=SURFACE_SIDE_STYLE('',(#543));
#543=SURFACE_STYLE_FILL_AREA(#544);
#544=FILL_AREA_STYLE('',(#545));
#545=FILL_AREA_STYLE_COLOUR('',#546);
#546=COLOUR_RGB('',0.231372549019608,0.380392156862745,0.705882352941177);
#547=MANIFOLD_SOLID_BREP('Bottom Left',#538);
#548=SHAPE_DEFINITION_REPRESENTATION(#1032,#549);
#549=SHAPE_REPRESENTATION('Bottom Left',(#550),#1027);
#550=AXIS2_PLACEMENT_3D('',#793,#625,#626);
#551=AXIS2_PLACEMENT_3D('',#794,#627,#628);
#552=AXIS2_PLACEMENT_3D('',#795,#629,#630);
#553=AXIS2_PLACEMENT_3D('',#797,#631,#632);
#554=AXIS2_PLACEMENT_3D('',#799,#633,#634);
#555=AXIS2_PLACEMENT_3D('',#801,#635,#636);
#556=AXIS2_PLACEMENT_3D('',#803,#637,#638);
#557=AXIS2_PLACEMENT_3D('',#808,#640,#641);
#558=AXIS2_PLACEMENT_3D('',#810,#642,#643);
#559=AXIS2_PLACEMENT_3D('',#812,#644,#645);
#560=AXIS2_PLACEMENT_3D('',#814,#646,#647);
#561=AXIS2_PLACEMENT_3D('',#816,#648,#649);
#562=AXIS2_PLACEMENT_3D('',#844,#651,#652);
#563=AXIS2_PLACEMENT_3D('',#846,#653,#654);
#564=AXIS2_PLACEMENT_3D('',#848,#655,#656);
#565=AXIS2_PLACEMENT_3D('',#850,#657,#658);
#566=AXIS2_PLACEMENT_3D('',#851,#659,#660);
#567=AXIS2_PLACEMENT_3D('',#853,#661,#662);
#568=AXIS2_PLACEMENT_3D('',#855,#663,#664);
#569=AXIS2_PLACEMENT_3D('',#857,#665,#666);
#570=AXIS2_PLACEMENT_3D('',#859,#667,#668);
#571=AXIS2_PLACEMENT_3D('',#860,#669,#670);
#572=AXIS2_PLACEMENT_3D('',#862,#671,#672);
#573=AXIS2_PLACEMENT_3D('',#864,#673,#674);
#574=AXIS2_PLACEMENT_3D('',#866,#675,#676);
#575=AXIS2_PLACEMENT_3D('',#871,#678,#679);
#576=AXIS2_PLACEMENT_3D('',#873,#680,#681);
#577=AXIS2_PLACEMENT_3D('',#875,#682,#683);
#578=AXIS2_PLACEMENT_3D('',#877,#684,#685);
#579=AXIS2_PLACEMENT_3D('',#879,#686,#687);
#580=AXIS2_PLACEMENT_3D('',#907,#689,#690);
#581=AXIS2_PLACEMENT_3D('',#909,#691,#692);
#582=AXIS2_PLACEMENT_3D('',#911,#693,#694);
#583=AXIS2_PLACEMENT_3D('',#913,#695,#696);
#584=AXIS2_PLACEMENT_3D('',#915,#697,#698);
#585=AXIS2_PLACEMENT_3D('',#916,#699,#700);
#586=AXIS2_PLACEMENT_3D('',#918,#701,#702);
#587=AXIS2_PLACEMENT_3D('',#920,#703,#704);
#588=AXIS2_PLACEMENT_3D('',#922,#705,#706);
#589=AXIS2_PLACEMENT_3D('',#924,#707,#708);
#590=AXIS2_PLACEMENT_3D('',#950,#712,#713);
#591=AXIS2_PLACEMENT_3D('',#953,#716,#717);
#592=AXIS2_PLACEMENT_3D('',#955,#719,#720);
#593=AXIS2_PLACEMENT_3D('',#957,#722,#723);
#594=AXIS2_PLACEMENT_3D('',#959,#725,#726);
#595=AXIS2_PLACEMENT_3D('',#961,#728,#729);
#596=AXIS2_PLACEMENT_3D('',#962,#730,#731);
#597=AXIS2_PLACEMENT_3D('',#963,#732,#733);
#598=AXIS2_PLACEMENT_3D('',#965,#734,#735);
#599=AXIS2_PLACEMENT_3D('',#966,#736,#737);
#600=AXIS2_PLACEMENT_3D('',#967,#738,#739);
#601=AXIS2_PLACEMENT_3D('',#969,#740,#741);
#602=AXIS2_PLACEMENT_3D('',#970,#742,#743);
#603=AXIS2_PLACEMENT_3D('',#971,#744,#745);
#604=AXIS2_PLACEMENT_3D('',#973,#746,#747);
#605=AXIS2_PLACEMENT_3D('',#974,#748,#749);
#606=AXIS2_PLACEMENT_3D('',#975,#750,#751);
#607=AXIS2_PLACEMENT_3D('',#977,#752,#753);
#608=AXIS2_PLACEMENT_3D('',#1001,#755,#756);
#609=AXIS2_PLACEMENT_3D('',#1003,#758,#759);
#610=AXIS2_PLACEMENT_3D('',#1005,#761,#762);
#611=AXIS2_PLACEMENT_3D('',#1007,#764,#765);
#612=AXIS2_PLACEMENT_3D('',#1009,#767,#768);
#613=AXIS2_PLACEMENT_3D('',#1010,#769,#770);
#614=AXIS2_PLACEMENT_3D('',#1011,#771,#772);
#615=AXIS2_PLACEMENT_3D('',#1013,#773,#774);
#616=AXIS2_PLACEMENT_3D('',#1014,#775,#776);
#617=AXIS2_PLACEMENT_3D('',#1015,#777,#778);
#618=AXIS2_PLACEMENT_3D('',#1017,#779,#780);
#619=AXIS2_PLACEMENT_3D('',#1018,#781,#782);
#620=AXIS2_PLACEMENT_3D('',#1019,#783,#784);
#621=AXIS2_PLACEMENT_3D('',#1021,#785,#786);
#622=AXIS2_PLACEMENT_3D('',#1022,#787,#788);
#623=AXIS2_PLACEMENT_3D('',#1023,#789,#790);
#624=AXIS2_PLACEMENT_3D('',#1025,#791,#792);
#625=DIRECTION('',(0.,0.,1.));
#626=DIRECTION('',(1.,0.,0.));
#627=DIRECTION('',(0.,0.,-1.));
#628=DIRECTION('',(1.,0.,0.));
#629=DIRECTION('',(0.,0.,1.));
#630=DIRECTION('',(1.,0.,0.));
#631=DIRECTION('',(0.,0.,1.));
#632=DIRECTION('',(1.,0.,0.));
#633=DIRECTION('',(0.,0.,1.));
#634=DIRECTION('',(1.,0.,0.));
#635=DIRECTION('',(0.,0.,1.));
#636=DIRECTION('',(1.,0.,0.));
#637=DIRECTION('',(0.,0.,-1.));
#638=DIRECTION('',(-1.,0.,0.));
#639=DIRECTION('',(1.,0.,0.));
#640=DIRECTION('',(0.,0.,1.));
#641=DIRECTION('',(1.,0.,0.));
#642=DIRECTION('',(0.,0.,1.));
#643=DIRECTION('',(1.,0.,0.));
#644=DIRECTION('',(0.,0.,1.));
#645=DIRECTION('',(1.,0.,0.));
#646=DIRECTION('',(0.,0.,1.));
#647=DIRECTION('',(1.,0.,0.));
#648=DIRECTION('',(0.,0.,1.));
#649=DIRECTION('',(1.,0.,0.));
#650=DIRECTION('',(1.,0.,0.));
#651=DIRECTION('',(0.,0.,-1.));
#652=DIRECTION('',(-1.,0.,0.));
#653=DIRECTION('',(0.,0.,-1.));
#654=DIRECTION('',(-1.,0.,0.));
#655=DIRECTION('',(0.,0.,-1.));
#656=DIRECTION('',(-1.,0.,0.));
#657=DIRECTION('',(0.,0.,-1.));
#658=DIRECTION('',(-1.,0.,0.));
#659=DIRECTION('',(0.,0.,-1.));
#660=DIRECTION('',(-1.,0.,0.));
#661=DIRECTION('',(0.,0.,-1.));
#662=DIRECTION('',(-1.,0.,0.));
#663=DIRECTION('',(0.,0.,-1.));
#664=DIRECTION('',(-1.,0.,0.));
#665=DIRECTION('',(0.,0.,-1.));
#666=DIRECTION('',(-1.,0.,0.));
#667=DIRECTION('',(0.,0.,-1.));
#668=DIRECTION('',(1.,0.,0.));
#669=DIRECTION('',(0.,0.,1.));
#670=DIRECTION('',(1.,0.,0.));
#671=DIRECTION('',(0.,0.,1.));
#672=DIRECTION('',(1.,0.,0.));
#673=DIRECTION('',(0.,0.,1.));
#674=DIRECTION('',(1.,0.,0.));
#675=DIRECTION('',(0.,0.,1.));
#676=DIRECTION('',(1.,0.,0.));
#677=DIRECTION('',(1.,0.,0.));
#678=DIRECTION('',(0.,0.,-1.));
#679=DIRECTION('',(-1.,0.,0.));
#680=DIRECTION('',(0.,0.,-1.));
#681=DIRECTION('',(-1.,0.,0.));
#682=DIRECTION('',(0.,0.,-1.));
#683=DIRECTION('',(-1.,0.,0.));
#684=DIRECTION('',(0.,0.,-1.));
#685=DIRECTION('',(-1.,0.,0.));
#686=DIRECTION('',(0.,0.,-1.));
#687=DIRECTION('',(-1.,0.,0.));
#688=DIRECTION('',(1.,0.,0.));
#689=DIRECTION('',(0.,0.,1.));
#690=DIRECTION('',(1.,0.,0.));
#691=DIRECTION('',(0.,0.,1.));
#692=DIRECTION('',(1.,0.,0.));
#693=DIRECTION('',(0.,0.,1.));
#694=DIRECTION('',(1.,0.,0.));
#695=DIRECTION('',(0.,0.,1.));
#696=DIRECTION('',(1.,0.,0.));
#697=DIRECTION('',(0.,0.,1.));
#698=DIRECTION('',(1.,0.,0.));
#699=DIRECTION('',(0.,0.,-1.));
#700=DIRECTION('',(-1.,0.,0.));
#701=DIRECTION('',(0.,0.,-1.));
#702=DIRECTION('',(-1.,0.,0.));
#703=DIRECTION('',(0.,0.,-1.));
#704=DIRECTION('',(-1.,0.,0.));
#705=DIRECTION('',(0.,0.,-1.));
#706=DIRECTION('',(-1.,0.,0.));
#707=DIRECTION('',(0.,-1.,0.));
#708=DIRECTION('',(0.,0.,-1.));
#709=DIRECTION('',(0.,0.,-1.));
#710=DIRECTION('',(0.,0.,-1.));
#711=DIRECTION('',(0.,0.,-1.));
#712=DIRECTION('',(0.,1.,0.));
#713=DIRECTION('',(0.,0.,1.));
#714=DIRECTION('',(0.,0.,1.));
#715=DIRECTION('',(0.,0.,1.));
#716=DIRECTION('',(0.,0.,-1.));
#717=DIRECTION('',(-1.,0.,0.));
#718=DIRECTION('',(0.,0.,-1.));
#719=DIRECTION('',(0.,0.,-1.));
#720=DIRECTION('',(-1.,0.,0.));
#721=DIRECTION('',(0.,0.,-1.));
#722=DIRECTION('',(0.,0.,-1.));
#723=DIRECTION('',(-1.,0.,0.));
#724=DIRECTION('',(0.,0.,-1.));
#725=DIRECTION('',(0.,0.,-1.));
#726=DIRECTION('',(-1.,0.,0.));
#727=DIRECTION('',(0.,0.,-1.));
#728=DIRECTION('',(0.,0.,-1.));
#729=DIRECTION('',(-1.,0.,0.));
#730=DIRECTION('',(0.,0.,1.));
#731=DIRECTION('',(1.,0.,0.));
#732=DIRECTION('',(0.,0.,1.));
#733=DIRECTION('',(1.,0.,0.));
#734=DIRECTION('',(0.,0.,-1.));
#735=DIRECTION('',(-1.,0.,0.));
#736=DIRECTION('',(0.,0.,1.));
#737=DIRECTION('',(1.,0.,0.));
#738=DIRECTION('',(0.,0.,1.));
#739=DIRECTION('',(1.,0.,0.));
#740=DIRECTION('',(0.,0.,-1.));
#741=DIRECTION('',(-1.,0.,0.));
#742=DIRECTION('',(0.,0.,1.));
#743=DIRECTION('',(1.,0.,0.));
#744=DIRECTION('',(0.,0.,1.));
#745=DIRECTION('',(1.,0.,0.));
#746=DIRECTION('',(0.,0.,-1.));
#747=DIRECTION('',(-1.,0.,0.));
#748=DIRECTION('',(0.,0.,1.));
#749=DIRECTION('',(1.,0.,0.));
#750=DIRECTION('',(0.,0.,1.));
#751=DIRECTION('',(1.,0.,0.));
#752=DIRECTION('',(0.,0.,-1.));
#753=DIRECTION('',(-1.,0.,0.));
#754=DIRECTION('',(0.,0.,-1.));
#755=DIRECTION('',(0.,0.,-1.));
#756=DIRECTION('',(1.,0.,0.));
#757=DIRECTION('',(0.,0.,-1.));
#758=DIRECTION('',(0.,0.,-1.));
#759=DIRECTION('',(1.,0.,0.));
#760=DIRECTION('',(0.,0.,-1.));
#761=DIRECTION('',(0.,0.,-1.));
#762=DIRECTION('',(1.,0.,0.));
#763=DIRECTION('',(0.,0.,-1.));
#764=DIRECTION('',(0.,0.,-1.));
#765=DIRECTION('',(1.,0.,0.));
#766=DIRECTION('',(0.,0.,-1.));
#767=DIRECTION('',(0.,0.,-1.));
#768=DIRECTION('',(1.,0.,0.));
#769=DIRECTION('',(0.,0.,1.));
#770=DIRECTION('',(-1.,0.,0.));
#771=DIRECTION('',(0.,0.,-1.));
#772=DIRECTION('',(-1.,0.,0.));
#773=DIRECTION('',(0.,0.,-1.));
#774=DIRECTION('',(1.,0.,0.));
#775=DIRECTION('',(0.,0.,1.));
#776=DIRECTION('',(-1.,0.,0.));
#777=DIRECTION('',(0.,0.,-1.));
#778=DIRECTION('',(-1.,0.,0.));
#779=DIRECTION('',(0.,0.,-1.));
#780=DIRECTION('',(1.,0.,0.));
#781=DIRECTION('',(0.,0.,1.));
#782=DIRECTION('',(-1.,0.,0.));
#783=DIRECTION('',(0.,0.,-1.));
#784=DIRECTION('',(-1.,0.,0.));
#785=DIRECTION('',(0.,0.,-1.));
#786=DIRECTION('',(1.,0.,0.));
#787=DIRECTION('',(0.,0.,1.));
#788=DIRECTION('',(-1.,0.,0.));
#789=DIRECTION('',(0.,0.,-1.));
#790=DIRECTION('',(-1.,0.,0.));
#791=DIRECTION('',(0.,0.,-1.));
#792=DIRECTION('',(1.,0.,0.));
#793=CARTESIAN_POINT('',(0.,0.,0.));
#794=CARTESIAN_POINT('',(0.0596344811950143,0.00861744170790897,-0.0032));
#795=CARTESIAN_POINT('',(0.019,0.0571428571428572,-0.0032));
#796=CARTESIAN_POINT('',(0.0206,0.0571428571428572,-0.0032));
#797=CARTESIAN_POINT('',(0.0591213203435596,-0.00887867965644035,-0.0032));
#798=CARTESIAN_POINT('',(0.0607213203435596,-0.00887867965644035,-0.0032));
#799=CARTESIAN_POINT('',(0.11,-0.015,-0.0032));
#800=CARTESIAN_POINT('',(0.1116,-0.015,-0.0032));
#801=CARTESIAN_POINT('',(0.11,0.042,-0.0032));
#802=CARTESIAN_POINT('',(0.1116,0.042,-0.0032));
#803=CARTESIAN_POINT('',(0.100937692336223,-0.0146574686378094,-0.0032));
#804=CARTESIAN_POINT('',(0.0711091117963974,-0.0308547282286297,-0.0032));
#805=CARTESIAN_POINT('',(0.100937692336223,-0.0486,-0.0032));
#806=CARTESIAN_POINT('',(0.121468846168112,-0.0486,-0.0032));
#807=CARTESIAN_POINT('',(0.183062307663777,-0.0486,-0.0032));
#808=CARTESIAN_POINT('',(0.183062307663777,-0.0146574686378094,-0.0032));
#809=CARTESIAN_POINT('',(0.212890888203602,-0.0308547282286297,-0.0032));
#810=CARTESIAN_POINT('',(0.248394270109624,-0.0501334697133634,-0.0032));
#811=CARTESIAN_POINT('',(0.268175098729919,-0.014907359807577,-0.0032));
#812=CARTESIAN_POINT('',(0.281688734123981,0.0091580024052869,-0.0032));
#813=CARTESIAN_POINT('',(0.301550412883789,-0.0100063842752776,-0.0032));
#814=CARTESIAN_POINT('',(0.18542703165697,0.0186208812673993,-0.0032));
#815=CARTESIAN_POINT('',(0.301164110226954,0.0487719781642836,-0.0032));
#816=CARTESIAN_POINT('',(0.22984030634872,-0.0917651165841822,-0.0032));
#817=CARTESIAN_POINT('',(0.186616426044108,0.0597916588216456,-0.0032));
#818=CARTESIAN_POINT('',(0.153844713146593,0.0516,-0.0032));
#819=CARTESIAN_POINT('',(0.155330369468523,0.0517543989783584,-0.0032));
#820=CARTESIAN_POINT('',(0.157352427388205,0.0520624788389821,-0.0032));
#821=CARTESIAN_POINT('',(0.160309265319108,0.0526694567936645,-0.0032));
#822=CARTESIAN_POINT('',(0.162851041467169,0.0532604932053798,-0.0032));
#823=CARTESIAN_POINT('',(0.165971094751378,0.0540481947198157,-0.0032));
#824=CARTESIAN_POINT('',(0.170092442521339,0.0551472749236317,-0.0032));
#825=CARTESIAN_POINT('',(0.174980463196298,0.0564977266758723,-0.0032));
#826=CARTESIAN_POINT('',(0.180655611999615,0.0580958122410982,-0.0032));
#827=CARTESIAN_POINT('',(0.184392160497352,0.0591572999320406,-0.0032));
#828=CARTESIAN_POINT('',(0.186616426044107,0.059791658821646,-0.0032));
#829=CARTESIAN_POINT('',(0.153844713146593,0.0516,-0.0032));
#830=CARTESIAN_POINT('',(0.13358800811545,0.0516,-0.0032));
#831=CARTESIAN_POINT('',(0.130155286853407,0.0516,-0.0032));
#832=CARTESIAN_POINT('',(0.130155286853407,0.0516,-0.0032));
#833=CARTESIAN_POINT('',(0.128669630531478,0.0517543989783592,-0.0032));
#834=CARTESIAN_POINT('',(0.126647572611795,0.0520624788389819,-0.0032));
#835=CARTESIAN_POINT('',(0.123690734680892,0.0526694567936645,-0.0032));
#836=CARTESIAN_POINT('',(0.121148958532831,0.0532604932053798,-0.0032));
#837=CARTESIAN_POINT('',(0.118028905248622,0.0540481947198157,-0.0032));
#838=CARTESIAN_POINT('',(0.113907557478661,0.0551472749236316,-0.0032));
#839=CARTESIAN_POINT('',(0.109019536803702,0.0564977266758723,-0.0032));
#840=CARTESIAN_POINT('',(0.103344388000385,0.0580958122410982,-0.0032));
#841=CARTESIAN_POINT('',(0.0996078395026476,0.0591572999320406,-0.0032));
#842=CARTESIAN_POINT('',(0.0973835739558928,0.059791658821646,-0.0032));
#843=CARTESIAN_POINT('',(0.0973835739558922,0.0597916588216456,-0.0032));
#844=CARTESIAN_POINT('',(0.0541596936512794,-0.0917651165841822,-0.0032));
#845=CARTESIAN_POINT('',(-0.0171641102269544,0.0487719781642836,-0.0032));
#846=CARTESIAN_POINT('',(0.0985729683430298,0.0186208812673993,-0.0032));
#847=CARTESIAN_POINT('',(-0.0175504128837888,-0.0100063842752776,-0.0032));
#848=CARTESIAN_POINT('',(0.002311265876019,0.0091580024052869,-0.0032));
#849=CARTESIAN_POINT('',(0.0158249012700815,-0.014907359807577,-0.0032));
#850=CARTESIAN_POINT('',(0.0356057298903759,-0.0501334697133634,-0.0032));
#851=CARTESIAN_POINT('',(0.265,0.0571428571428572,-0.0032));
#852=CARTESIAN_POINT('',(0.2634,0.0571428571428572,-0.0032));
#853=CARTESIAN_POINT('',(0.224878679656441,-0.00887867965644035,-0.0032));
#854=CARTESIAN_POINT('',(0.223278679656441,-0.00887867965644035,-0.0032));
#855=CARTESIAN_POINT('',(0.174,-0.015,-0.0032));
#856=CARTESIAN_POINT('',(0.1724,-0.015,-0.0032));
#857=CARTESIAN_POINT('',(0.174,0.042,-0.0032));
#858=CARTESIAN_POINT('',(0.1724,0.042,-0.0032));
#859=CARTESIAN_POINT('',(0.0596344811950143,0.00861744170790897,-0.0052));
#860=CARTESIAN_POINT('',(0.019,0.0571428571428572,-0.0052));
#861=CARTESIAN_POINT('',(0.02236,0.0571428571428572,-0.0052));
#862=CARTESIAN_POINT('',(0.0591213203435596,-0.00887867965644035,-0.0052));
#863=CARTESIAN_POINT('',(0.0624813203435596,-0.00887867965644035,-0.0052));
#864=CARTESIAN_POINT('',(0.11,-0.015,-0.0052));
#865=CARTESIAN_POINT('',(0.11336,-0.015,-0.0052));
#866=CARTESIAN_POINT('',(0.11,0.042,-0.0052));
#867=CARTESIAN_POINT('',(0.11336,0.042,-0.0052));
#868=CARTESIAN_POINT('',(0.121468846168112,-0.0486,-0.0052));
#869=CARTESIAN_POINT('',(0.100937692336223,-0.0486,-0.0052));
#870=CARTESIAN_POINT('',(0.183062307663777,-0.0486,-0.0052));
#871=CARTESIAN_POINT('',(0.100937692336223,-0.0146574686378094,-0.0052));
#872=CARTESIAN_POINT('',(0.0711091117963974,-0.0308547282286297,-0.0052));
#873=CARTESIAN_POINT('',(0.0356057298903759,-0.0501334697133634,-0.0052));
#874=CARTESIAN_POINT('',(0.0158249012700815,-0.014907359807577,-0.0052));
#875=CARTESIAN_POINT('',(0.002311265876019,0.0091580024052869,-0.0052));
#876=CARTESIAN_POINT('',(-0.0175504128837889,-0.0100063842752776,-0.0052));
#877=CARTESIAN_POINT('',(0.0985729683430298,0.0186208812673993,-0.0052));
#878=CARTESIAN_POINT('',(-0.0171641102269544,0.0487719781642836,-0.0052));
#879=CARTESIAN_POINT('',(0.0541596936512794,-0.0917651165841822,-0.0052));
#880=CARTESIAN_POINT('',(0.0973835739558922,0.0597916588216456,-0.0052));
#881=CARTESIAN_POINT('',(0.130155286853407,0.0516,-0.0052));
#882=CARTESIAN_POINT('',(0.12866963053148,0.051754398978359,-0.0052));
#883=CARTESIAN_POINT('',(0.126647572611794,0.052062478838982,-0.0052));
#884=CARTESIAN_POINT('',(0.123690734680892,0.0526694567936645,-0.0052));
#885=CARTESIAN_POINT('',(0.121148958532831,0.0532604932053798,-0.0052));
#886=CARTESIAN_POINT('',(0.118028905248622,0.0540481947198157,-0.0052));
#887=CARTESIAN_POINT('',(0.113907557478661,0.0551472749236316,-0.0052));
#888=CARTESIAN_POINT('',(0.109019536803702,0.0564977266758723,-0.0052));
#889=CARTESIAN_POINT('',(0.103344388000385,0.0580958122410982,-0.0052));
#890=CARTESIAN_POINT('',(0.0996078395026476,0.0591572999320406,-0.0052));
#891=CARTESIAN_POINT('',(0.0973835739558928,0.059791658821646,-0.0052));
#892=CARTESIAN_POINT('',(0.130155286853407,0.0516,-0.0052));
#893=CARTESIAN_POINT('',(0.13358800811545,0.0516,-0.0052));
#894=CARTESIAN_POINT('',(0.153844713146593,0.0516,-0.0052));
#895=CARTESIAN_POINT('',(0.153844713146593,0.0516,-0.0052));
#896=CARTESIAN_POINT('',(0.155330369468522,0.0517543989783583,-0.0052));
#897=CARTESIAN_POINT('',(0.157352427388206,0.0520624788389822,-0.0052));
#898=CARTESIAN_POINT('',(0.160309265319109,0.0526694567936645,-0.0052));
#899=CARTESIAN_POINT('',(0.162851041467169,0.0532604932053798,-0.0052));
#900=CARTESIAN_POINT('',(0.165971094751378,0.0540481947198157,-0.0052));
#901=CARTESIAN_POINT('',(0.170092442521339,0.0551472749236316,-0.0052));
#902=CARTESIAN_POINT('',(0.174980463196298,0.0564977266758723,-0.0052));
#903=CARTESIAN_POINT('',(0.180655611999615,0.0580958122410983,-0.0052));
#904=CARTESIAN_POINT('',(0.184392160497352,0.0591572999320406,-0.0052));
#905=CARTESIAN_POINT('',(0.186616426044107,0.059791658821646,-0.0052));
#906=CARTESIAN_POINT('',(0.186616426044108,0.0597916588216456,-0.0052));
#907=CARTESIAN_POINT('',(0.22984030634872,-0.0917651165841822,-0.0052));
#908=CARTESIAN_POINT('',(0.301164110226954,0.0487719781642836,-0.0052));
#909=CARTESIAN_POINT('',(0.18542703165697,0.0186208812673993,-0.0052));
#910=CARTESIAN_POINT('',(0.301550412883789,-0.0100063842752776,-0.0052));
#911=CARTESIAN_POINT('',(0.281688734123981,0.0091580024052869,-0.0052));
#912=CARTESIAN_POINT('',(0.268175098729919,-0.014907359807577,-0.0052));
#913=CARTESIAN_POINT('',(0.248394270109624,-0.0501334697133634,-0.0052));
#914=CARTESIAN_POINT('',(0.212890888203602,-0.0308547282286297,-0.0052));
#915=CARTESIAN_POINT('',(0.183062307663777,-0.0146574686378094,-0.0052));
#916=CARTESIAN_POINT('',(0.265,0.0571428571428572,-0.0052));
#917=CARTESIAN_POINT('',(0.26164,0.0571428571428572,-0.0052));
#918=CARTESIAN_POINT('',(0.224878679656441,-0.00887867965644035,-0.0052));
#919=CARTESIAN_POINT('',(0.221518679656441,-0.00887867965644035,-0.0052));
#920=CARTESIAN_POINT('',(0.174,-0.015,-0.0052));
#921=CARTESIAN_POINT('',(0.17064,-0.015,-0.0052));
#922=CARTESIAN_POINT('',(0.174,0.042,-0.0052));
#923=CARTESIAN_POINT('',(0.17064,0.042,-0.0052));
#924=CARTESIAN_POINT('',(0.13358800811545,0.0516,-0.0032));
#925=CARTESIAN_POINT('',(0.130155286853407,0.0516,-0.0042));
#926=CARTESIAN_POINT('',(0.153844713146593,0.0516,-0.0042));
#927=CARTESIAN_POINT('',(0.130155286853407,0.0516,-0.0032));
#928=CARTESIAN_POINT('',(0.130155286853407,0.0516,-0.0052));
#929=CARTESIAN_POINT('',(0.128669630531478,0.0517543989783592,-0.0032));
#930=CARTESIAN_POINT('',(0.128669630531478,0.0517543989783592,-0.0052));
#931=CARTESIAN_POINT('',(0.126647572611795,0.0520624788389819,-0.0032));
#932=CARTESIAN_POINT('',(0.126647572611795,0.0520624788389819,-0.0052));
#933=CARTESIAN_POINT('',(0.123690734680892,0.0526694567936645,-0.0032));
#934=CARTESIAN_POINT('',(0.123690734680892,0.0526694567936645,-0.0052));
#935=CARTESIAN_POINT('',(0.121148958532831,0.0532604932053798,-0.0032));
#936=CARTESIAN_POINT('',(0.121148958532831,0.0532604932053798,-0.0052));
#937=CARTESIAN_POINT('',(0.118028905248622,0.0540481947198157,-0.0032));
#938=CARTESIAN_POINT('',(0.118028905248622,0.0540481947198157,-0.0052));
#939=CARTESIAN_POINT('',(0.113907557478661,0.0551472749236316,-0.0032));
#940=CARTESIAN_POINT('',(0.113907557478661,0.0551472749236316,-0.0052));
#941=CARTESIAN_POINT('',(0.109019536803702,0.0564977266758723,-0.0032));
#942=CARTESIAN_POINT('',(0.109019536803702,0.0564977266758723,-0.0052));
#943=CARTESIAN_POINT('',(0.103344388000385,0.0580958122410982,-0.0032));
#944=CARTESIAN_POINT('',(0.103344388000385,0.0580958122410982,-0.0052));
#945=CARTESIAN_POINT('',(0.0996078395026476,0.0591572999320406,-0.0032));
#946=CARTESIAN_POINT('',(0.0996078395026476,0.0591572999320406,-0.0052));
#947=CARTESIAN_POINT('',(0.0973835739558928,0.059791658821646,-0.0032));
#948=CARTESIAN_POINT('',(0.0973835739558928,0.059791658821646,-0.0052));
#949=CARTESIAN_POINT('',(0.0973835739558922,0.0597916588216456,-0.0032));
#950=CARTESIAN_POINT('',(0.121468846168112,-0.0486,-0.0032));
#951=CARTESIAN_POINT('',(0.183062307663777,-0.0486,-0.0032));
#952=CARTESIAN_POINT('',(0.100937692336223,-0.0486,-0.0032));
#953=CARTESIAN_POINT('',(0.100937692336223,-0.0146574686378094,-0.0032));
#954=CARTESIAN_POINT('',(0.0711091117963973,-0.0308547282286297,-0.0032));
#955=CARTESIAN_POINT('',(0.0356057298903759,-0.0501334697133634,-0.0032));
#956=CARTESIAN_POINT('',(0.0158249012700815,-0.014907359807577,-0.0032));
#957=CARTESIAN_POINT('',(0.002311265876019,0.0091580024052869,-0.0032));
#958=CARTESIAN_POINT('',(-0.0175504128837889,-0.0100063842752776,-0.0032));
#959=CARTESIAN_POINT('',(0.0985729683430298,0.0186208812673993,-0.0032));
#960=CARTESIAN_POINT('',(-0.0171641102269544,0.0487719781642836,-0.0032));
#961=CARTESIAN_POINT('',(0.0541596936512794,-0.0917651165841822,-0.0032));
#962=CARTESIAN_POINT('',(0.11,0.042,-0.0052));
#963=CARTESIAN_POINT('',(0.11,0.042,-0.00344));
#964=CARTESIAN_POINT('',(0.1116,0.042,-0.00344));
#965=CARTESIAN_POINT('',(0.11,0.042,-0.0052));
#966=CARTESIAN_POINT('',(0.11,-0.015,-0.0052));
#967=CARTESIAN_POINT('',(0.11,-0.015,-0.00344));
#968=CARTESIAN_POINT('',(0.1116,-0.015,-0.00344));
#969=CARTESIAN_POINT('',(0.11,-0.015,-0.0052));
#970=CARTESIAN_POINT('',(0.0591213203435596,-0.00887867965644035,-0.0052));
#971=CARTESIAN_POINT('',(0.0591213203435596,-0.00887867965644035,-0.00344));
#972=CARTESIAN_POINT('',(0.0607213203435596,-0.00887867965644035,-0.00344));
#973=CARTESIAN_POINT('',(0.0591213203435596,-0.00887867965644035,-0.0052));
#974=CARTESIAN_POINT('',(0.019,0.0571428571428572,-0.0052));
#975=CARTESIAN_POINT('',(0.019,0.0571428571428572,-0.00344));
#976=CARTESIAN_POINT('',(0.0206,0.0571428571428572,-0.00344));
#977=CARTESIAN_POINT('',(0.019,0.0571428571428572,-0.0052));
#978=CARTESIAN_POINT('',(0.153844713146593,0.0516,-0.0032));
#979=CARTESIAN_POINT('',(0.153844713146593,0.0516,-0.0052));
#980=CARTESIAN_POINT('',(0.155330369468523,0.0517543989783584,-0.0032));
#981=CARTESIAN_POINT('',(0.155330369468523,0.0517543989783584,-0.0052));
#982=CARTESIAN_POINT('',(0.157352427388205,0.0520624788389821,-0.0032));
#983=CARTESIAN_POINT('',(0.157352427388205,0.0520624788389821,-0.0052));
#984=CARTESIAN_POINT('',(0.160309265319108,0.0526694567936645,-0.0032));
#985=CARTESIAN_POINT('',(0.160309265319108,0.0526694567936645,-0.0052));
#986=CARTESIAN_POINT('',(0.162851041467169,0.0532604932053798,-0.0032));
#987=CARTESIAN_POINT('',(0.162851041467169,0.0532604932053798,-0.0052));
#988=CARTESIAN_POINT('',(0.165971094751378,0.0540481947198157,-0.0032));
#989=CARTESIAN_POINT('',(0.165971094751378,0.0540481947198157,-0.0052));
#990=CARTESIAN_POINT('',(0.170092442521339,0.0551472749236316,-0.0032));
#991=CARTESIAN_POINT('',(0.170092442521339,0.0551472749236316,-0.0052));
#992=CARTESIAN_POINT('',(0.174980463196298,0.0564977266758723,-0.0032));
#993=CARTESIAN_POINT('',(0.174980463196298,0.0564977266758723,-0.0052));
#994=CARTESIAN_POINT('',(0.180655611999615,0.0580958122410982,-0.0032));
#995=CARTESIAN_POINT('',(0.180655611999615,0.0580958122410982,-0.0052));
#996=CARTESIAN_POINT('',(0.184392160497352,0.0591572999320406,-0.0032));
#997=CARTESIAN_POINT('',(0.184392160497352,0.0591572999320406,-0.0052));
#998=CARTESIAN_POINT('',(0.186616426044107,0.059791658821646,-0.0032));
#999=CARTESIAN_POINT('',(0.186616426044107,0.059791658821646,-0.0052));
#1000=CARTESIAN_POINT('',(0.186616426044108,0.0597916588216456,-0.0032));
#1001=CARTESIAN_POINT('',(0.183062307663777,-0.0146574686378094,-0.0032));
#1002=CARTESIAN_POINT('',(0.212890888203602,-0.0308547282286297,-0.0032));
#1003=CARTESIAN_POINT('',(0.248394270109624,-0.0501334697133634,-0.0032));
#1004=CARTESIAN_POINT('',(0.268175098729919,-0.014907359807577,-0.0032));
#1005=CARTESIAN_POINT('',(0.281688734123981,0.0091580024052869,-0.0032));
#1006=CARTESIAN_POINT('',(0.301550412883789,-0.0100063842752776,-0.0032));
#1007=CARTESIAN_POINT('',(0.18542703165697,0.0186208812673993,-0.0032));
#1008=CARTESIAN_POINT('',(0.301164110226954,0.0487719781642836,-0.0032));
#1009=CARTESIAN_POINT('',(0.22984030634872,-0.0917651165841822,-0.0032));
#1010=CARTESIAN_POINT('',(0.174,0.042,-0.0052));
#1011=CARTESIAN_POINT('',(0.174,0.042,-0.00344));
#1012=CARTESIAN_POINT('',(0.1724,0.042,-0.00344));
#1013=CARTESIAN_POINT('',(0.174,0.042,-0.0052));
#1014=CARTESIAN_POINT('',(0.174,-0.015,-0.0052));
#1015=CARTESIAN_POINT('',(0.174,-0.015,-0.00344));
#1016=CARTESIAN_POINT('',(0.1724,-0.015,-0.00344));
#1017=CARTESIAN_POINT('',(0.174,-0.015,-0.0052));
#1018=CARTESIAN_POINT('',(0.224878679656441,-0.00887867965644035,-0.0052));
#1019=CARTESIAN_POINT('',(0.224878679656441,-0.00887867965644035,-0.00344));
#1020=CARTESIAN_POINT('',(0.223278679656441,-0.00887867965644035,-0.00344));
#1021=CARTESIAN_POINT('',(0.224878679656441,-0.00887867965644035,-0.0052));
#1022=CARTESIAN_POINT('',(0.265,0.0571428571428572,-0.0052));
#1023=CARTESIAN_POINT('',(0.265,0.0571428571428572,-0.00344));
#1024=CARTESIAN_POINT('',(0.2634,0.0571428571428572,-0.00344));
#1025=CARTESIAN_POINT('',(0.265,0.0571428571428572,-0.0052));
#1026=MECHANICAL_DESIGN_GEOMETRIC_PRESENTATION_REPRESENTATION('',(#539),#1027);
#1027=(
GEOMETRIC_REPRESENTATION_CONTEXT(3)
GLOBAL_UNCERTAINTY_ASSIGNED_CONTEXT((#1028))
GLOBAL_UNIT_ASSIGNED_CONTEXT((#1031,#1030,#1029))
REPRESENTATION_CONTEXT('Bottom Left','TOP_LEVEL_ASSEMBLY_PART')
);
#1028=UNCERTAINTY_MEASURE_WITH_UNIT(LENGTH_MEASURE(2.E-05),#1031,'DISTANCE_ACCURACY_VALUE','Maximum Tolerance applied to model');
#1029=(
NAMED_UNIT(*)
SI_UNIT($,.STERADIAN.)
SOLID_ANGLE_UNIT()
);
#1030=(
NAMED_UNIT(*)
PLANE_ANGLE_UNIT()
SI_UNIT($,.RADIAN.)
);
#1031=(
LENGTH_UNIT()
NAMED_UNIT(*)
SI_UNIT($,.METRE.)
);
#1032=PRODUCT_DEFINITION_SHAPE('','',#1033);
#1033=PRODUCT_DEFINITION('','',#1035,#1034);
#1034=PRODUCT_DEFINITION_CONTEXT('',#1041,'design');
#1035=PRODUCT_DEFINITION_FORMATION_WITH_SPECIFIED_SOURCE('','',#1037,.NOT_KNOWN.);
#1036=PRODUCT_RELATED_PRODUCT_CATEGORY('','',(#1037));
#1037=PRODUCT('Bottom Left','Bottom Left','Bottom Left',(#1039));
#1038=PRODUCT_CATEGORY('','');
#1039=PRODUCT_CONTEXT('',#1041,'mechanical');
#1040=APPLICATION_PROTOCOL_DEFINITION('international standard','ap242_managed_model_based_3d_engineering',2020,#1041);
#1041=APPLICATION_CONTEXT('managed model based 3d engineering');
#1042=COMPOSITE_SHAPE_ASPECT('hole_callout.F89WKB6sFtr5rp2_3.RvCD.2',$,#1032,$);
#1043=SHAPE_ASPECT('hole_callout.F89WKB6sFtr5rp2_3.RvCD.2',$,#1032,.T.);
#1044=GEOMETRIC_ITEM_SPECIFIC_USAGE('','',#1043,#11,#537);
#1045=SHAPE_ASPECT_RELATIONSHIP('','',#1042,#1043);
#1046=SHAPE_ASPECT('hole_callout.F89WKB6sFtr5rp2_3.RvCD.2',$,#1032,.T.);
#1047=GEOMETRIC_ITEM_SPECIFIC_USAGE('','',#1046,#11,#536);
#1048=SHAPE_ASPECT_RELATIONSHIP('','',#1042,#1046);
#1049=SHAPE_ASPECT('hole_callout.F89WKB6sFtr5rp2_3.RvCD.2',$,#1032,.T.);
#1050=GEOMETRIC_ITEM_SPECIFIC_USAGE('','',#1049,#11,#535);
#1051=SHAPE_ASPECT_RELATIONSHIP('','',#1042,#1049);
#1052=SHAPE_ASPECT('hole_callout.F89WKB6sFtr5rp2_3.RvCD.2',$,#1032,.T.);
#1053=GEOMETRIC_ITEM_SPECIFIC_USAGE('','',#1052,#11,#534);
#1054=SHAPE_ASPECT_RELATIONSHIP('','',#1042,#1052);
#1055=SHAPE_ASPECT('hole_callout.F89WKB6sFtr5rp2_3.RvCD.2',$,#1032,.T.);
#1056=GEOMETRIC_ITEM_SPECIFIC_USAGE('','',#1055,#11,#519);
#1057=SHAPE_ASPECT_RELATIONSHIP('','',#1042,#1055);
#1058=SHAPE_ASPECT('hole_callout.F89WKB6sFtr5rp2_3.RvCD.2',$,#1032,.T.);
#1059=GEOMETRIC_ITEM_SPECIFIC_USAGE('','',#1058,#11,#518);
#1060=SHAPE_ASPECT_RELATIONSHIP('','',#1042,#1058);
#1061=SHAPE_ASPECT('hole_callout.F89WKB6sFtr5rp2_3.RvCD.2',$,#1032,.T.);
#1062=GEOMETRIC_ITEM_SPECIFIC_USAGE('','',#1061,#11,#531);
#1063=SHAPE_ASPECT_RELATIONSHIP('','',#1042,#1061);
#1064=SHAPE_ASPECT('hole_callout.F89WKB6sFtr5rp2_3.RvCD.2',$,#1032,.T.);
#1065=GEOMETRIC_ITEM_SPECIFIC_USAGE('','',#1064,#11,#530);
#1066=SHAPE_ASPECT_RELATIONSHIP('','',#1042,#1064);
#1067=SHAPE_ASPECT('hole_callout.F89WKB6sFtr5rp2_3.RvCD.2',$,#1032,.T.);
#1068=GEOMETRIC_ITEM_SPECIFIC_USAGE('','',#1067,#11,#517);
#1069=SHAPE_ASPECT_RELATIONSHIP('','',#1042,#1067);
#1070=SHAPE_ASPECT('hole_callout.F89WKB6sFtr5rp2_3.RvCD.2',$,#1032,.T.);
#1071=GEOMETRIC_ITEM_SPECIFIC_USAGE('','',#1070,#11,#516);
#1072=SHAPE_ASPECT_RELATIONSHIP('','',#1042,#1070);
#1073=SHAPE_ASPECT('hole_callout.F89WKB6sFtr5rp2_3.RvCD.2',$,#1032,.T.);
#1074=GEOMETRIC_ITEM_SPECIFIC_USAGE('','',#1073,#11,#521);
#1075=SHAPE_ASPECT_RELATIONSHIP('','',#1042,#1073);
#1076=SHAPE_ASPECT('hole_callout.F89WKB6sFtr5rp2_3.RvCD.2',$,#1032,.T.);
#1077=GEOMETRIC_ITEM_SPECIFIC_USAGE('','',#1076,#11,#520);
#1078=SHAPE_ASPECT_RELATIONSHIP('','',#1042,#1076);
#1079=SHAPE_ASPECT('hole_callout.F89WKB6sFtr5rp2_3.RvCD.2',$,#1032,.T.);
#1080=GEOMETRIC_ITEM_SPECIFIC_USAGE('','',#1079,#11,#523);
#1081=SHAPE_ASPECT_RELATIONSHIP('','',#1042,#1079);
#1082=SHAPE_ASPECT('hole_callout.F89WKB6sFtr5rp2_3.RvCD.2',$,#1032,.T.);
#1083=GEOMETRIC_ITEM_SPECIFIC_USAGE('','',#1082,#11,#522);
#1084=SHAPE_ASPECT_RELATIONSHIP('','',#1042,#1082);
#1085=SHAPE_ASPECT('hole_callout.F89WKB6sFtr5rp2_3.RvCD.2',$,#1032,.T.);
#1086=GEOMETRIC_ITEM_SPECIFIC_USAGE('','',#1085,#11,#533);
#1087=SHAPE_ASPECT_RELATIONSHIP('','',#1042,#1085);
#1088=SHAPE_ASPECT('hole_callout.F89WKB6sFtr5rp2_3.RvCD.2',$,#1032,.T.);
#1089=GEOMETRIC_ITEM_SPECIFIC_USAGE('','',#1088,#11,#532);
#1090=SHAPE_ASPECT_RELATIONSHIP('','',#1042,#1088);
#1091=DIMENSIONAL_SIZE(#1042,'diameter');
#1092=(
LENGTH_UNIT()
NAMED_UNIT(*)
SI_UNIT(.MILLI.,.METRE.)
);
#1094=PRECISION_QUALIFIER(3);
#1093=(
LENGTH_MEASURE_WITH_UNIT()
MEASURE_REPRESENTATION_ITEM()
MEASURE_WITH_UNIT(POSITIVE_LENGTH_MEASURE(3.2),#1092)
QUALIFIED_REPRESENTATION_ITEM((#1094))
REPRESENTATION_ITEM('nominal value')
);
#1095=COMPOUND_REPRESENTATION_ITEM('modifiers',SET_REPRESENTATION_ITEM((#1096)));
#1096=DESCRIPTIVE_REPRESENTATION_ITEM('dimensional note','diameter');
#1097=SHAPE_DIMENSION_REPRESENTATION('',(#1093,#1095),#1027);
#1098=DIMENSIONAL_CHARACTERISTIC_REPRESENTATION(#1091,#1097);
#1099=ANGULAR_SIZE(#1042,'angle',.EQUAL.);
#1101=(
NAMED_UNIT(*)
PLANE_ANGLE_UNIT()
SI_UNIT($,.RADIAN.)
);
#1102=LENGTH_MEASURE_WITH_UNIT(LENGTH_MEASURE(57.2957795130823),#1101);
#1100=(
CONVERSION_BASED_UNIT('degree',#1102)
NAMED_UNIT($)
PLANE_ANGLE_UNIT()
);
#1104=PRECISION_QUALIFIER(3);
#1103=(
MEASURE_REPRESENTATION_ITEM()
MEASURE_WITH_UNIT(PLANE_ANGLE_MEASURE(90.),#1100)
PLANE_ANGLE_MEASURE_WITH_UNIT()
QUALIFIED_REPRESENTATION_ITEM((#1104))
REPRESENTATION_ITEM('nominal value')
);
#1105=SHAPE_DIMENSION_REPRESENTATION('',(#1103),#1027);
#1106=DIMENSIONAL_CHARACTERISTIC_REPRESENTATION(#1099,#1105);
#1107=DIMENSIONAL_SIZE(#1042,'diameter');
#1108=(
LENGTH_UNIT()
NAMED_UNIT(*)
SI_UNIT(.MILLI.,.METRE.)
);
#1110=PRECISION_QUALIFIER(3);
#1109=(
LENGTH_MEASURE_WITH_UNIT()
MEASURE_REPRESENTATION_ITEM()
MEASURE_WITH_UNIT(POSITIVE_LENGTH_MEASURE(6.72),#1108)
QUALIFIED_REPRESENTATION_ITEM((#1110))
REPRESENTATION_ITEM('nominal value')
);
#1111=COMPOUND_REPRESENTATION_ITEM('modifiers',SET_REPRESENTATION_ITEM((#1112,#1113)));
#1112=DESCRIPTIVE_REPRESENTATION_ITEM('dimensional note','countersink');
#1113=DESCRIPTIVE_REPRESENTATION_ITEM('dimensional note','diameter');
#1114=SHAPE_DIMENSION_REPRESENTATION('',(#1109,#1111),#1027);
#1115=DIMENSIONAL_CHARACTERISTIC_REPRESENTATION(#1107,#1114);
#1116=PRESENTATION_STYLE_ASSIGNMENT((NULL_STYLE(.NULL.)));
#1117=CARTESIAN_POINT('',(0.265,0.0571428571428571,-0.0052));
#1118=DIRECTION('',(0.,0.,-1.));
#1119=DIRECTION('',(1.,0.,0.));
#1120=AXIS2_PLACEMENT_3D('',#1117,#1118,#1119);
#1121=PLANE('',#1120);
#1122=ANNOTATION_PLANE('',(#1116),#1121,(#1149));
#1123=CARTESIAN_POINT('',(0.,0.,0.));
#1124=DIRECTION('',(0.,0.,1.));
#1125=DIRECTION('',(1.,0.,0.));
#1126=AXIS2_PLACEMENT_3D('',#1123,#1124,#1125);
#1127=CARTESIAN_POINT('',(0.,0.,0.));
#1128=DIRECTION('',(0.,0.,1.));
#1129=DIRECTION('',(1.,0.,0.));
#1130=AXIS2_PLACEMENT_3D('',#1127,#1128,#1129);
#1131=SHAPE_REPRESENTATION('',(#1130,#547),#1027);
#1132=REPRESENTATION_MAP(#1126,#1131);
#1133=MAPPED_ITEM('',#1132,#1126);
#1134=PRESENTATION_STYLE_ASSIGNMENT((NULL_STYLE(.NULL.)));
#1135=STYLED_ITEM('',(#1134),#1133);
#1136=DRAUGHTING_MODEL('',(#1122,#1126,#1133,#1135),#1027);
#1137=DRAUGHTING_PRE_DEFINED_CURVE_FONT('continuous');
#1138=COLOUR_RGB('',0.,0.,0.);
#1139=CURVE_STYLE('',#1137,POSITIVE_LENGTH_MEASURE(0.02),#1138);
#1140=PRESENTATION_STYLE_ASSIGNMENT((#1139));
#1141=COORDINATES_LIST('coordinates',4836,((0.2673759,0.0547670,-0.0052000),(0.2687901,0.0519386,-0.0052000),(0.2702043,0.0533528,-0.0052000),(0.2863799,0.0421646,-0.0052000),(0.2864521,0.0421138,-0.0052000),(0.2900769,0.0384869,-0.0052000),(0.2863799,0.0421646,-0.0052000),(0.2900769,0.0384869,-0.0052000),(0.2901261,0.0384171,-0.0052000),(0.2863799,0.0421646,-0.0052000),(0.2901261,0.0384171,-0.0052000),(0.2901426,0.0383345,-0.0052000),(0.2863799,0.0421646,-0.0052000),(0.2901426,0.0383345,-0.0052000),(0.2901264,0.0382520,-0.0052000),(0.2863799,0.0421646,-0.0052000),(0.2901264,0.0382520,-0.0052000),(0.2900780,0.0381821,-0.0052000),(0.2863799,0.0421646,-0.0052000),(0.2900780,0.0381821,-0.0052000),(0.2900081,0.0381345,-0.0052000),(0.2863799,0.0421646,-0.0052000),(0.2900081,0.0381345,-0.0052000),(0.2899256,0.0381186,-0.0052000),(0.2863799,0.0421646,-0.0052000),(0.2899256,0.0381186,-0.0052000),(0.2898433,0.0381342,-0.0052000),(0.2863799,0.0421646,-0.0052000),(0.2898433,0.0381342,-0.0052000),(0.2897743,0.0381811,-0.0052000),(0.2863799,0.0421646,-0.0052000),(0.2897743,0.0381811,-0.0052000),(0.2862987,0.0416556,-0.0052000),(0.2863799,0.0421646,-0.0052000),(0.2862987,0.0416556,-0.0052000),(0.2828242,0.0381811,-0.0052000),(0.2863799,0.0421646,-0.0052000),(0.2828242,0.0381811,-0.0052000),(0.2827538,0.0381342,-0.0052000),(0.2863799,0.0421646,-0.0052000),(0.2827538,0.0381342,-0.0052000),(0.2826718,0.0381186,-0.0052000),(0.2863799,0.0421646,-0.0052000),(0.2826718,0.0381186,-0.0052000),(0.2825898,0.0381345,-0.0052000),(0.2863799,0.0421646,-0.0052000),(0.2825898,0.0381345,-0.0052000),(0.2825194,0.0381821,-0.0052000),(0.2863799,0.0421646,-0.0052000),(0.2825194,0.0381821,-0.0052000),(0.2824718,0.0382520,-0.0052000),(0.2863799,0.0421646,-0.0052000),(0.2824718,0.0382520,-0.0052000),(0.2824559,0.0383345,-0.0052000),(0.2863799,0.0421646,-0.0052000),(0.2824559,0.0383345,-0.0052000),(0.2824715,0.0384171,-0.0052000),(0.2863799,0.0421646,-0.0052000),(0.2824715,0.0384171,-0.0052000),(0.2825183,0.0384869,-0.0052000),(0.2863799,0.0421646,-0.0052000),(0.2825183,0.0384869,-0.0052000),(0.2861463,0.0421138,-0.0052000),(0.2863799,0.0421646,-0.0052000),(0.2861463,0.0421138,-0.0052000),(0.2862183,0.0421646,-0.0052000),(0.2863799,0.0421646,-0.0052000),(0.2862183,0.0421646,-0.0052000),(0.2862987,0.0421816,-0.0052000),(0.2919986,0.0420032,-0.0052000),(0.2920956,0.0420439,-0.0052000),(0.2921936,0.0420792,-0.0052000),(0.2919986,0.0420032,-0.0052000),(0.2921936,0.0420792,-0.0052000),(0.2922926,0.0421090,-0.0052000),(0.2919986,0.0420032,-0.0052000),(0.2922926,0.0421090,-0.0052000),(0.2923925,0.0421334,-0.0052000),(0.2919986,0.0420032,-0.0052000),(0.2923925,0.0421334,-0.0052000),(0.2924934,0.0421524,-0.0052000),(0.2919986,0.0420032,-0.0052000),(0.2924934,0.0421524,-0.0052000),(0.2925953,0.0421660,-0.0052000),(0.2919986,0.0420032,-0.0052000),(0.2925953,0.0421660,-0.0052000),(0.2926981,0.0421741,-0.0052000),(0.2919986,0.0420032,-0.0052000),(0.2926981,0.0421741,-0.0052000),(0.2928019,0.0421768,-0.0052000),(0.2919986,0.0420032,-0.0052000),(0.2928019,0.0421768,-0.0052000),(0.2929376,0.0421725,-0.0052000),(0.2919986,0.0420032,-0.0052000),(0.2929376,0.0421725,-0.0052000),(0.2930709,0.0421595,-0.0052000),(0.2919986,0.0420032,-0.0052000),(0.2930709,0.0421595,-0.0052000),(0.2932016,0.0421380,-0.0052000),(0.2919986,0.0420032,-0.0052000),(0.2932016,0.0421380,-0.0052000),(0.2933297,0.0421078,-0.0052000),(0.2919986,0.0420032,-0.0052000),(0.2933297,0.0421078,-0.0052000),(0.2934553,0.0420689,-0.0052000),(0.2919986,0.0420032,-0.0052000),(0.2934553,0.0420689,-0.0052000),(0.2935783,0.0420214,-0.0052000),(0.2919986,0.0420032,-0.0052000),(0.2935783,0.0420214,-0.0052000),(0.2936988,0.0419653,-0.0052000),(0.2919986,0.0420032,-0.0052000),(0.2936988,0.0419653,-0.0052000),(0.2938168,0.0419006,-0.0052000),(0.2919986,0.0420032,-0.0052000),(0.2938168,0.0419006,-0.0052000),(0.2939304,0.0418282,-0.0052000),(0.2919986,0.0420032,-0.0052000),(0.2939304,0.0418282,-0.0052000),(0.2940377,0.0417496,-0.0052000),(0.2919986,0.0420032,-0.0052000),(0.2940377,0.0417496,-0.0052000),(0.2941389,0.0416649,-0.0052000),(0.2919986,0.0420032,-0.0052000),(0.2941389,0.0416649,-0.0052000),(0.2942338,0.0415741,-0.0052000),(0.2919986,0.0420032,-0.0052000),(0.2942338,0.0415741,-0.0052000),(0.2943225,0.0414771,-0.0052000),(0.2943225,0.0414771,-0.0052000),(0.2944050,0.0413739,-0.0052000),(0.2944812,0.0412646,-0.0052000),(0.2943225,0.0414771,-0.0052000),(0.2944812,0.0412646,-0.0052000),(0.2945513,0.0411492,-0.0052000),(0.2943225,0.0414771,-0.0052000),(0.2945513,0.0411492,-0.0052000),(0.2946143,0.0410294,-0.0052000),(0.2943225,0.0414771,-0.0052000),(0.2946143,0.0410294,-0.0052000),(0.2946689,0.0409071,-0.0052000),(0.2943225,0.0414771,-0.0052000),(0.2946689,0.0409071,-0.0052000),(0.2947151,0.0407824,-0.0052000),(0.2943225,0.0414771,-0.0052000),(0.2947151,0.0407824,-0.0052000),(0.2947529,0.0406552,-0.0052000),(0.2943225,0.0414771,-0.0052000),(0.2947529,0.0406552,-0.0052000),(0.2947823,0.0405255,-0.0052000),(0.2943225,0.0414771,-0.0052000),(0.2947823,0.0405255,-0.0052000),(0.2948033,0.0403933,-0.0052000),(0.2943225,0.0414771,-0.0052000),(0.2948033,0.0403933,-0.0052000),(0.2948159,0.0402587,-0.0052000),(0.2943225,0.0414771,-0.0052000),(0.2948159,0.0402587,-0.0052000),(0.2948201,0.0401215,-0.0052000),(0.2943225,0.0414771,-0.0052000),(0.2948201,0.0401215,-0.0052000),(0.2948159,0.0399899,-0.0052000),(0.2943225,0.0414771,-0.0052000),(0.2948159,0.0399899,-0.0052000),(0.2948033,0.0398591,-0.0052000),(0.2943225,0.0414771,-0.0052000),(0.2948033,0.0398591,-0.0052000),(0.2947823,0.0397290,-0.0052000),(0.2943225,0.0414771,-0.0052000),(0.2947823,0.0397290,-0.0052000),(0.2947529,0.0395998,-0.0052000),(0.2943225,0.0414771,-0.0052000),(0.2947529,0.0395998,-0.0052000),(0.2947151,0.0394713,-0.0052000),(0.2943225,0.0414771,-0.0052000),(0.2947151,0.0394713,-0.0052000),(0.2946689,0.0393437,-0.0052000),(0.2946689,0.0393437,-0.0052000),(0.2942771,0.0394851,-0.0052000),(0.2943137,0.0395830,-0.0052000),(0.2946689,0.0393437,-0.0052000),(0.2943137,0.0395830,-0.0052000),(0.2943436,0.0396842,-0.0052000),(0.2946689,0.0393437,-0.0052000),(0.2943436,0.0396842,-0.0052000),(0.2943668,0.0397886,-0.0052000),(0.2946689,0.0393437,-0.0052000),(0.2943668,0.0397886,-0.0052000),(0.2943835,0.0398963,-0.0052000),(0.2946689,0.0393437,-0.0052000),(0.2943835,0.0398963,-0.0052000),(0.2943934,0.0400073,-0.0052000),(0.2946689,0.0393437,-0.0052000),(0.2943934,0.0400073,-0.0052000),(0.2943968,0.0401215,-0.0052000),(0.2946689,0.0393437,-0.0052000),(0.2943968,0.0401215,-0.0052000),(0.2943934,0.0402316,-0.0052000),(0.2943225,0.0414771,-0.0052000),(0.2946689,0.0393437,-0.0052000),(0.2943934,0.0402316,-0.0052000),(0.2943225,0.0414771,-0.0052000),(0.2943934,0.0402316,-0.0052000),(0.2943833,0.0403394,-0.0052000),(0.2943225,0.0414771,-0.0052000),(0.2943833,0.0403394,-0.0052000),(0.2943666,0.0404451,-0.0052000),(0.2943225,0.0414771,-0.0052000),(0.2943666,0.0404451,-0.0052000),(0.2943431,0.0405486,-0.0052000),(0.2943225,0.0414771,-0.0052000),(0.2943431,0.0405486,-0.0052000),(0.2943128,0.0406499,-0.0052000),(0.2943225,0.0414771,-0.0052000),(0.2943128,0.0406499,-0.0052000),(0.2942759,0.0407490,-0.0052000),(0.2943225,0.0414771,-0.0052000),(0.2942759,0.0407490,-0.0052000),(0.2942323,0.0408459,-0.0052000),(0.2943225,0.0414771,-0.0052000),(0.2942323,0.0408459,-0.0052000),(0.2941819,0.0409407,-0.0052000),(0.2943225,0.0414771,-0.0052000),(0.2941819,0.0409407,-0.0052000),(0.2941261,0.0410319,-0.0052000),(0.2943225,0.0414771,-0.0052000),(0.2941261,0.0410319,-0.0052000),(0.2940654,0.0411182,-0.0052000),(0.2943225,0.0414771,-0.0052000),(0.2940654,0.0411182,-0.0052000),(0.2940000,0.0411996,-0.0052000),(0.2943225,0.0414771,-0.0052000),(0.2940000,0.0411996,-0.0052000),(0.2939298,0.0412762,-0.0052000),(0.2943225,0.0414771,-0.0052000),(0.2939298,0.0412762,-0.0052000),(0.2938547,0.0413478,-0.0052000),(0.2943225,0.0414771,-0.0052000),(0.2938547,0.0413478,-0.0052000),(0.2937749,0.0414145,-0.0052000),(0.2943225,0.0414771,-0.0052000),(0.2937749,0.0414145,-0.0052000),(0.2936903,0.0414764,-0.0052000),(0.2943225,0.0414771,-0.0052000),(0.2936903,0.0414764,-0.0052000),(0.2936009,0.0415333,-0.0052000),(0.2943225,0.0414771,-0.0052000),(0.2936009,0.0415333,-0.0052000),(0.2935083,0.0415844,-0.0052000),(0.2943225,0.0414771,-0.0052000),(0.2935083,0.0415844,-0.0052000),(0.2934136,0.0416287,-0.0052000),(0.2943225,0.0414771,-0.0052000),(0.2934136,0.0416287,-0.0052000),(0.2933169,0.0416662,-0.0052000),(0.2943225,0.0414771,-0.0052000),(0.2933169,0.0416662,-0.0052000),(0.2932180,0.0416969,-0.0052000),(0.2919986,0.0420032,-0.0052000),(0.2943225,0.0414771,-0.0052000),(0.2932180,0.0416969,-0.0052000),(0.2919986,0.0420032,-0.0052000),(0.2932180,0.0416969,-0.0052000),(0.2931171,0.0417207,-0.0052000),(0.2919986,0.0420032,-0.0052000),(0.2931171,0.0417207,-0.0052000),(0.2930141,0.0417377,-0.0052000),(0.2919986,0.0420032,-0.0052000),(0.2930141,0.0417377,-0.0052000),(0.2929090,0.0417480,-0.0052000),(0.2919986,0.0420032,-0.0052000),(0.2929090,0.0417480,-0.0052000),(0.2928019,0.0417514,-0.0052000),(0.2919986,0.0420032,-0.0052000),(0.2928019,0.0417514,-0.0052000),(0.2926483,0.0417443,-0.0052000),(0.2919986,0.0420032,-0.0052000),(0.2926483,0.0417443,-0.0052000),(0.2924986,0.0417231,-0.0052000),(0.2919986,0.0420032,-0.0052000),(0.2924986,0.0417231,-0.0052000),(0.2923530,0.0416877,-0.0052000),(0.2919986,0.0420032,-0.0052000),(0.2923530,0.0416877,-0.0052000),(0.2922113,0.0416381,-0.0052000),(0.2919986,0.0420032,-0.0052000),(0.2922113,0.0416381,-0.0052000),(0.2938083,0.0388547,-0.0052000),(0.2914377,0.0429780,-0.0052000),(0.2919986,0.0420032,-0.0052000),(0.2938083,0.0388547,-0.0052000),(0.2942339,0.0393905,-0.0052000),(0.2942771,0.0394851,-0.0052000),(0.2946689,0.0393437,-0.0052000),(0.2941840,0.0392992,-0.0052000),(0.2942339,0.0393905,-0.0052000),(0.2946689,0.0393437,-0.0052000),(0.2941161,0.0391952,-0.0052000),(0.2941840,0.0392992,-0.0052000),(0.2946689,0.0393437,-0.0052000),(0.2940308,0.0390865,-0.0052000),(0.2941161,0.0391952,-0.0052000),(0.2946689,0.0393437,-0.0052000),(0.2939817,0.0390303,-0.0052000),(0.2940308,0.0390865,-0.0052000),(0.2946689,0.0393437,-0.0052000),(0.2939283,0.0389730,-0.0052000),(0.2939817,0.0390303,-0.0052000),(0.2946689,0.0393437,-0.0052000),(0.2938705,0.0389144,-0.0052000),(0.2939283,0.0389730,-0.0052000),(0.2946689,0.0393437,-0.0052000),(0.2938083,0.0388547,-0.0052000),(0.2938705,0.0389144,-0.0052000),(0.2946689,0.0393437,-0.0052000),(0.2938083,0.0388547,-0.0052000),(0.2946689,0.0393437,-0.0052000),(0.2946143,0.0392168,-0.0052000),(0.2938083,0.0388547,-0.0052000),(0.2946143,0.0392168,-0.0052000),(0.2945513,0.0390907,-0.0052000),(0.2938083,0.0388547,-0.0052000),(0.2945513,0.0390907,-0.0052000),(0.2945011,0.0390040,-0.0052000),(0.2938083,0.0388547,-0.0052000),(0.2945011,0.0390040,-0.0052000),(0.2944463,0.0389206,-0.0052000),(0.2938083,0.0388547,-0.0052000),(0.2944463,0.0389206,-0.0052000),(0.2943869,0.0388405,-0.0052000),(0.2938083,0.0388547,-0.0052000),(0.2943869,0.0388405,-0.0052000),(0.2943229,0.0387637,-0.0052000),(0.2938083,0.0388547,-0.0052000),(0.2943229,0.0387637,-0.0052000),(0.2942544,0.0386902,-0.0052000),(0.2938083,0.0388547,-0.0052000),(0.2942544,0.0386902,-0.0052000),(0.2941812,0.0386200,-0.0052000),(0.2938083,0.0388547,-0.0052000),(0.2941812,0.0386200,-0.0052000),(0.2941034,0.0385531,-0.0052000),(0.2938083,0.0388547,-0.0052000),(0.2941034,0.0385531,-0.0052000),(0.2940211,0.0384896,-0.0052000),(0.2938083,0.0388547,-0.0052000),(0.2940211,0.0384896,-0.0052000),(0.2945629,0.0375371,-0.0052000),(0.2914377,0.0429780,-0.0052000),(0.2938083,0.0388547,-0.0052000),(0.2945629,0.0375371,-0.0052000),(0.2914377,0.0429780,-0.0052000),(0.2945629,0.0375371,-0.0052000),(0.2945915,0.0374334,-0.0052000),(0.2914377,0.0429780,-0.0052000),(0.2945915,0.0374334,-0.0052000),(0.2945841,0.0373730,-0.0052000),(0.2914377,0.0429780,-0.0052000),(0.2945841,0.0373730,-0.0052000),(0.2945455,0.0372979,-0.0052000),(0.2914377,0.0429780,-0.0052000),(0.2945455,0.0372979,-0.0052000),(0.2944804,0.0372439,-0.0052000),(0.2914377,0.0429780,-0.0052000),(0.2944804,0.0372439,-0.0052000),(0.2943777,0.0372132,-0.0052000),(0.2914377,0.0429780,-0.0052000),(0.2943777,0.0372132,-0.0052000),(0.2943174,0.0372206,-0.0052000),(0.2914377,0.0429780,-0.0052000),(0.2943174,0.0372206,-0.0052000),(0.2942417,0.0372593,-0.0052000),(0.2914377,0.0429780,-0.0052000),(0.2942417,0.0372593,-0.0052000),(0.2941862,0.0373244,-0.0052000),(0.2914377,0.0429780,-0.0052000),(0.2941862,0.0373244,-0.0052000),(0.2936506,0.0382525,-0.0052000),(0.2936506,0.0382525,-0.0052000),(0.2935500,0.0382081,-0.0052000),(0.2934461,0.0381696,-0.0052000),(0.2936506,0.0382525,-0.0052000),(0.2934461,0.0381696,-0.0052000),(0.2933389,0.0381371,-0.0052000),(0.2936506,0.0382525,-0.0052000),(0.2933389,0.0381371,-0.0052000),(0.2932284,0.0381104,-0.0052000),(0.2936506,0.0382525,-0.0052000),(0.2932284,0.0381104,-0.0052000),(0.2931145,0.0380897,-0.0052000),(0.2936506,0.0382525,-0.0052000),(0.2931145,0.0380897,-0.0052000),(0.2929974,0.0380749,-0.0052000),(0.2936506,0.0382525,-0.0052000),(0.2929974,0.0380749,-0.0052000),(0.2928769,0.0380660,-0.0052000),(0.2936506,0.0382525,-0.0052000),(0.2928769,0.0380660,-0.0052000),(0.2927532,0.0380631,-0.0052000),(0.2936506,0.0382525,-0.0052000),(0.2927532,0.0380631,-0.0052000),(0.2926286,0.0380674,-0.0052000),(0.2936506,0.0382525,-0.0052000),(0.2926286,0.0380674,-0.0052000),(0.2925051,0.0380804,-0.0052000),(0.2936506,0.0382525,-0.0052000),(0.2925051,0.0380804,-0.0052000),(0.2923826,0.0381021,-0.0052000),(0.2936506,0.0382525,-0.0052000),(0.2923826,0.0381021,-0.0052000),(0.2922613,0.0381324,-0.0052000),(0.2936506,0.0382525,-0.0052000),(0.2922613,0.0381324,-0.0052000),(0.2921411,0.0381714,-0.0052000),(0.2936506,0.0382525,-0.0052000),(0.2921411,0.0381714,-0.0052000),(0.2920219,0.0382190,-0.0052000),(0.2936506,0.0382525,-0.0052000),(0.2920219,0.0382190,-0.0052000),(0.2919039,0.0382754,-0.0052000),(0.2936506,0.0382525,-0.0052000),(0.2919039,0.0382754,-0.0052000),(0.2917869,0.0383404,-0.0052000),(0.2936506,0.0382525,-0.0052000),(0.2917869,0.0383404,-0.0052000),(0.2916738,0.0384125,-0.0052000),(0.2936506,0.0382525,-0.0052000),(0.2916738,0.0384125,-0.0052000),(0.2915668,0.0384909,-0.0052000),(0.2936506,0.0382525,-0.0052000),(0.2915668,0.0384909,-0.0052000),(0.2914658,0.0385755,-0.0052000),(0.2936506,0.0382525,-0.0052000),(0.2914658,0.0385755,-0.0052000),(0.2913710,0.0386663,-0.0052000),(0.2936506,0.0382525,-0.0052000),(0.2913710,0.0386663,-0.0052000),(0.2912822,0.0387634,-0.0052000),(0.2912822,0.0387634,-0.0052000),(0.2911995,0.0388666,-0.0052000),(0.2911229,0.0389761,-0.0052000),(0.2912822,0.0387634,-0.0052000),(0.2911229,0.0389761,-0.0052000),(0.2910524,0.0390918,-0.0052000),(0.2912822,0.0387634,-0.0052000),(0.2910524,0.0390918,-0.0052000),(0.2909892,0.0392116,-0.0052000),(0.2912822,0.0387634,-0.0052000),(0.2909892,0.0392116,-0.0052000),(0.2909344,0.0393339,-0.0052000),(0.2912822,0.0387634,-0.0052000),(0.2909344,0.0393339,-0.0052000),(0.2908880,0.0394588,-0.0052000),(0.2912822,0.0387634,-0.0052000),(0.2908880,0.0394588,-0.0052000),(0.2908500,0.0395863,-0.0052000),(0.2912822,0.0387634,-0.0052000),(0.2908500,0.0395863,-0.0052000),(0.2908205,0.0397163,-0.0052000),(0.2912822,0.0387634,-0.0052000),(0.2908205,0.0397163,-0.0052000),(0.2907994,0.0398488,-0.0052000),(0.2912822,0.0387634,-0.0052000),(0.2907994,0.0398488,-0.0052000),(0.2907868,0.0399839,-0.0052000),(0.2912822,0.0387634,-0.0052000),(0.2907868,0.0399839,-0.0052000),(0.2907826,0.0401215,-0.0052000),(0.2912822,0.0387634,-0.0052000),(0.2907826,0.0401215,-0.0052000),(0.2907868,0.0402596,-0.0052000),(0.2912822,0.0387634,-0.0052000),(0.2907868,0.0402596,-0.0052000),(0.2907994,0.0403949,-0.0052000),(0.2912822,0.0387634,-0.0052000),(0.2907994,0.0403949,-0.0052000),(0.2908204,0.0405275,-0.0052000),(0.2912822,0.0387634,-0.0052000),(0.2908204,0.0405275,-0.0052000),(0.2908498,0.0406573,-0.0052000),(0.2912822,0.0387634,-0.0052000),(0.2908498,0.0406573,-0.0052000),(0.2908876,0.0407844,-0.0052000),(0.2912822,0.0387634,-0.0052000),(0.2908876,0.0407844,-0.0052000),(0.2909338,0.0409087,-0.0052000),(0.2912822,0.0387634,-0.0052000),(0.2909338,0.0409087,-0.0052000),(0.2909884,0.0410303,-0.0052000),(0.2912822,0.0387634,-0.0052000),(0.2909884,0.0410303,-0.0052000),(0.2910514,0.0411492,-0.0052000),(0.2910514,0.0411492,-0.0052000),(0.2914197,0.0409407,-0.0052000),(0.2913703,0.0408459,-0.0052000),(0.2910514,0.0411492,-0.0052000),(0.2913703,0.0408459,-0.0052000),(0.2913275,0.0407491,-0.0052000),(0.2910514,0.0411492,-0.0052000),(0.2913275,0.0407491,-0.0052000),(0.2912913,0.0406500,-0.0052000),(0.2910514,0.0411492,-0.0052000),(0.2912913,0.0406500,-0.0052000),(0.2912617,0.0405488,-0.0052000),(0.2910514,0.0411492,-0.0052000),(0.2912617,0.0405488,-0.0052000),(0.2912387,0.0404455,-0.0052000),(0.2910514,0.0411492,-0.0052000),(0.2912387,0.0404455,-0.0052000),(0.2912222,0.0403400,-0.0052000),(0.2910514,0.0411492,-0.0052000),(0.2912222,0.0403400,-0.0052000),(0.2912124,0.0402324,-0.0052000),(0.2910514,0.0411492,-0.0052000),(0.2912124,0.0402324,-0.0052000),(0.2912091,0.0401226,-0.0052000),(0.2910514,0.0411492,-0.0052000),(0.2912091,0.0401226,-0.0052000),(0.2912124,0.0400128,-0.0052000),(0.2912822,0.0387634,-0.0052000),(0.2910514,0.0411492,-0.0052000),(0.2912124,0.0400128,-0.0052000),(0.2912822,0.0387634,-0.0052000),(0.2912124,0.0400128,-0.0052000),(0.2912224,0.0399050,-0.0052000),(0.2912822,0.0387634,-0.0052000),(0.2912224,0.0399050,-0.0052000),(0.2912391,0.0397994,-0.0052000),(0.2912822,0.0387634,-0.0052000),(0.2912391,0.0397994,-0.0052000),(0.2912625,0.0396958,-0.0052000),(0.2912822,0.0387634,-0.0052000),(0.2912625,0.0396958,-0.0052000),(0.2912926,0.0395943,-0.0052000),(0.2912822,0.0387634,-0.0052000),(0.2912926,0.0395943,-0.0052000),(0.2913293,0.0394949,-0.0052000),(0.2912822,0.0387634,-0.0052000),(0.2913293,0.0394949,-0.0052000),(0.2913727,0.0393976,-0.0052000),(0.2912822,0.0387634,-0.0052000),(0.2913727,0.0393976,-0.0052000),(0.2914228,0.0393024,-0.0052000),(0.2912822,0.0387634,-0.0052000),(0.2914228,0.0393024,-0.0052000),(0.2914787,0.0392104,-0.0052000),(0.2912822,0.0387634,-0.0052000),(0.2914787,0.0392104,-0.0052000),(0.2915393,0.0391235,-0.0052000),(0.2912822,0.0387634,-0.0052000),(0.2915393,0.0391235,-0.0052000),(0.2916048,0.0390416,-0.0052000),(0.2912822,0.0387634,-0.0052000),(0.2916048,0.0390416,-0.0052000),(0.2916750,0.0389648,-0.0052000),(0.2912822,0.0387634,-0.0052000),(0.2916750,0.0389648,-0.0052000),(0.2917500,0.0388929,-0.0052000),(0.2912822,0.0387634,-0.0052000),(0.2917500,0.0388929,-0.0052000),(0.2918298,0.0388261,-0.0052000),(0.2912822,0.0387634,-0.0052000),(0.2918298,0.0388261,-0.0052000),(0.2919145,0.0387643,-0.0052000),(0.2912822,0.0387634,-0.0052000),(0.2919145,0.0387643,-0.0052000),(0.2920039,0.0387076,-0.0052000),(0.2912822,0.0387634,-0.0052000),(0.2920039,0.0387076,-0.0052000),(0.2920959,0.0386565,-0.0052000),(0.2912822,0.0387634,-0.0052000),(0.2920959,0.0386565,-0.0052000),(0.2921885,0.0386122,-0.0052000),(0.2912822,0.0387634,-0.0052000),(0.2921885,0.0386122,-0.0052000),(0.2922817,0.0385747,-0.0052000),(0.2912822,0.0387634,-0.0052000),(0.2922817,0.0385747,-0.0052000),(0.2923753,0.0385441,-0.0052000),(0.2912822,0.0387634,-0.0052000),(0.2923753,0.0385441,-0.0052000),(0.2924695,0.0385202,-0.0052000),(0.2936506,0.0382525,-0.0052000),(0.2912822,0.0387634,-0.0052000),(0.2924695,0.0385202,-0.0052000),(0.2936506,0.0382525,-0.0052000),(0.2924695,0.0385202,-0.0052000),(0.2925643,0.0385032,-0.0052000),(0.2936506,0.0382525,-0.0052000),(0.2925643,0.0385032,-0.0052000),(0.2926595,0.0384930,-0.0052000),(0.2936506,0.0382525,-0.0052000),(0.2926595,0.0384930,-0.0052000),(0.2927553,0.0384896,-0.0052000),(0.2936506,0.0382525,-0.0052000),(0.2927553,0.0384896,-0.0052000),(0.2927616,0.0384896,-0.0052000),(0.2936506,0.0382525,-0.0052000),(0.2927616,0.0384896,-0.0052000),(0.2928553,0.0384917,-0.0052000),(0.2936506,0.0382525,-0.0052000),(0.2928553,0.0384917,-0.0052000),(0.2929465,0.0384979,-0.0052000),(0.2936506,0.0382525,-0.0052000),(0.2929465,0.0384979,-0.0052000),(0.2930351,0.0385083,-0.0052000),(0.2936506,0.0382525,-0.0052000),(0.2930351,0.0385083,-0.0052000),(0.2931212,0.0385229,-0.0052000),(0.2936506,0.0382525,-0.0052000),(0.2931212,0.0385229,-0.0052000),(0.2932047,0.0385417,-0.0052000),(0.2936506,0.0382525,-0.0052000),(0.2932047,0.0385417,-0.0052000),(0.2932857,0.0385646,-0.0052000),(0.2936506,0.0382525,-0.0052000),(0.2932857,0.0385646,-0.0052000),(0.2933641,0.0385917,-0.0052000),(0.2936506,0.0382525,-0.0052000),(0.2933641,0.0385917,-0.0052000),(0.2934400,0.0386229,-0.0052000),(0.2914377,0.0429780,-0.0052000),(0.2936506,0.0382525,-0.0052000),(0.2934400,0.0386229,-0.0052000),(0.2914377,0.0429780,-0.0052000),(0.2934400,0.0386229,-0.0052000),(0.2918356,0.0414180,-0.0052000),(0.2914377,0.0429780,-0.0052000),(0.2918356,0.0414180,-0.0052000),(0.2917151,0.0413151,-0.0052000),(0.2914621,0.0410099,-0.0052000),(0.2914197,0.0409407,-0.0052000),(0.2910514,0.0411492,-0.0052000),(0.2915072,0.0410765,-0.0052000),(0.2914621,0.0410099,-0.0052000),(0.2910514,0.0411492,-0.0052000),(0.2916057,0.0412013,-0.0052000),(0.2915072,0.0410765,-0.0052000),(0.2910514,0.0411492,-0.0052000),(0.2917151,0.0413151,-0.0052000),(0.2916057,0.0412013,-0.0052000),(0.2910514,0.0411492,-0.0052000),(0.2917151,0.0413151,-0.0052000),(0.2910514,0.0411492,-0.0052000),(0.2911093,0.0412442,-0.0052000),(0.2917151,0.0413151,-0.0052000),(0.2911093,0.0412442,-0.0052000),(0.2911710,0.0413352,-0.0052000),(0.2917151,0.0413151,-0.0052000),(0.2911710,0.0413352,-0.0052000),(0.2912363,0.0414220,-0.0052000),(0.2917151,0.0413151,-0.0052000),(0.2912363,0.0414220,-0.0052000),(0.2913054,0.0415048,-0.0052000),(0.2917151,0.0413151,-0.0052000),(0.2913054,0.0415048,-0.0052000),(0.2913781,0.0415834,-0.0052000),(0.2917151,0.0413151,-0.0052000),(0.2913781,0.0415834,-0.0052000),(0.2914546,0.0416580,-0.0052000),(0.2917151,0.0413151,-0.0052000),(0.2914546,0.0416580,-0.0052000),(0.2915348,0.0417284,-0.0052000),(0.2917151,0.0413151,-0.0052000),(0.2915348,0.0417284,-0.0052000),(0.2916186,0.0417948,-0.0052000),(0.2914377,0.0429780,-0.0052000),(0.2917151,0.0413151,-0.0052000),(0.2916186,0.0417948,-0.0052000),(0.2914377,0.0429780,-0.0052000),(0.2916186,0.0417948,-0.0052000),(0.2910630,0.0427652,-0.0052000),(0.2914377,0.0429780,-0.0052000),(0.2910630,0.0427652,-0.0052000),(0.2910355,0.0428668,-0.0052000),(0.2914377,0.0429780,-0.0052000),(0.2910355,0.0428668,-0.0052000),(0.2910418,0.0429272,-0.0052000),(0.2914377,0.0429780,-0.0052000),(0.2910418,0.0429272,-0.0052000),(0.2910810,0.0430042,-0.0052000),(0.2914377,0.0429780,-0.0052000),(0.2910810,0.0430042,-0.0052000),(0.2911434,0.0430595,-0.0052000),(0.2914377,0.0429780,-0.0052000),(0.2911434,0.0430595,-0.0052000),(0.2912482,0.0430870,-0.0052000),(0.2914377,0.0429780,-0.0052000),(0.2912482,0.0430870,-0.0052000),(0.2913085,0.0430796,-0.0052000),(0.2914377,0.0429780,-0.0052000),(0.2913085,0.0430796,-0.0052000),(0.2913810,0.0430441,-0.0052000),(0.2974003,0.0410615,-0.0052000),(0.2974056,0.0409269,-0.0052000),(0.2974043,0.0408236,-0.0052000),(0.2974003,0.0410615,-0.0052000),(0.2974043,0.0408236,-0.0052000),(0.2974004,0.0407244,-0.0052000),(0.2974003,0.0410615,-0.0052000),(0.2974004,0.0407244,-0.0052000),(0.2973940,0.0406292,-0.0052000),(0.2974003,0.0410615,-0.0052000),(0.2973940,0.0406292,-0.0052000),(0.2973850,0.0405380,-0.0052000),(0.2974003,0.0410615,-0.0052000),(0.2973850,0.0405380,-0.0052000),(0.2973734,0.0404509,-0.0052000),(0.2974003,0.0410615,-0.0052000),(0.2973734,0.0404509,-0.0052000),(0.2973592,0.0403679,-0.0052000),(0.2974003,0.0410615,-0.0052000),(0.2973592,0.0403679,-0.0052000),(0.2973424,0.0402888,-0.0052000),(0.2974003,0.0410615,-0.0052000),(0.2973424,0.0402888,-0.0052000),(0.2973231,0.0402139,-0.0052000),(0.2974003,0.0410615,-0.0052000),(0.2973231,0.0402139,-0.0052000),(0.2972766,0.0400760,-0.0052000),(0.2974003,0.0410615,-0.0052000),(0.2972766,0.0400760,-0.0052000),(0.2972199,0.0399544,-0.0052000),(0.2974003,0.0410615,-0.0052000),(0.2972199,0.0399544,-0.0052000),(0.2971528,0.0398489,-0.0052000),(0.2974003,0.0410615,-0.0052000),(0.2971528,0.0398489,-0.0052000),(0.2970754,0.0397596,-0.0052000),(0.2974003,0.0410615,-0.0052000),(0.2970754,0.0397596,-0.0052000),(0.2969959,0.0396901,-0.0052000),(0.2974003,0.0410615,-0.0052000),(0.2969959,0.0396901,-0.0052000),(0.2969141,0.0396299,-0.0052000),(0.2974003,0.0410615,-0.0052000),(0.2969141,0.0396299,-0.0052000),(0.2968299,0.0395790,-0.0052000),(0.2974003,0.0410615,-0.0052000),(0.2968299,0.0395790,-0.0052000),(0.2967434,0.0395373,-0.0052000),(0.2974003,0.0410615,-0.0052000),(0.2967434,0.0395373,-0.0052000),(0.2966545,0.0395049,-0.0052000),(0.2974003,0.0410615,-0.0052000),(0.2966545,0.0395049,-0.0052000),(0.2965632,0.0394818,-0.0052000),(0.2974003,0.0410615,-0.0052000),(0.2965632,0.0394818,-0.0052000),(0.2964697,0.0394679,-0.0052000),(0.2964697,0.0394679,-0.0052000),(0.2963737,0.0394632,-0.0052000),(0.2962851,0.0394668,-0.0052000),(0.2964697,0.0394679,-0.0052000),(0.2962851,0.0394668,-0.0052000),(0.2961996,0.0394775,-0.0052000),(0.2964697,0.0394679,-0.0052000),(0.2961996,0.0394775,-0.0052000),(0.2961173,0.0394952,-0.0052000),(0.2964697,0.0394679,-0.0052000),(0.2961173,0.0394952,-0.0052000),(0.2960382,0.0395201,-0.0052000),(0.2964697,0.0394679,-0.0052000),(0.2960382,0.0395201,-0.0052000),(0.2959623,0.0395521,-0.0052000),(0.2964697,0.0394679,-0.0052000),(0.2959623,0.0395521,-0.0052000),(0.2958895,0.0395912,-0.0052000),(0.2964697,0.0394679,-0.0052000),(0.2958895,0.0395912,-0.0052000),(0.2958200,0.0396375,-0.0052000),(0.2964697,0.0394679,-0.0052000),(0.2958200,0.0396375,-0.0052000),(0.2957535,0.0396908,-0.0052000),(0.2968645,0.0387899,-0.0052000),(0.2969315,0.0389288,-0.0052000),(0.2970145,0.0390240,-0.0052000),(0.2968645,0.0387899,-0.0052000),(0.2970145,0.0390240,-0.0052000),(0.2971304,0.0390770,-0.0052000),(0.2967695,0.0386695,-0.0052000),(0.2968645,0.0387899,-0.0052000),(0.2971304,0.0390770,-0.0052000),(0.2967695,0.0386695,-0.0052000),(0.2971304,0.0390770,-0.0052000),(0.2972064,0.0390454,-0.0052000),(0.2967695,0.0386695,-0.0052000),(0.2972064,0.0390454,-0.0052000),(0.2972672,0.0389994,-0.0052000),(0.2966765,0.0385908,-0.0052000),(0.2967695,0.0386695,-0.0052000),(0.2972672,0.0389994,-0.0052000),(0.2966765,0.0385908,-0.0052000),(0.2972672,0.0389994,-0.0052000),(0.2973432,0.0388642,-0.0052000),(0.2965783,0.0385346,-0.0052000),(0.2966765,0.0385908,-0.0052000),(0.2973432,0.0388642,-0.0052000),(0.2965783,0.0385346,-0.0052000),(0.2973432,0.0388642,-0.0052000),(0.2973368,0.0387901,-0.0052000),(0.2965783,0.0385346,-0.0052000),(0.2973368,0.0387901,-0.0052000),(0.2972877,0.0386733,-0.0052000),(0.2964749,0.0385008,-0.0052000),(0.2965783,0.0385346,-0.0052000),(0.2972877,0.0386733,-0.0052000),(0.2964749,0.0385008,-0.0052000),(0.2972877,0.0386733,-0.0052000),(0.2972262,0.0385642,-0.0052000),(0.2963663,0.0384896,-0.0052000),(0.2964749,0.0385008,-0.0052000),(0.2972262,0.0385642,-0.0052000),(0.2963663,0.0384896,-0.0052000),(0.2972262,0.0385642,-0.0052000),(0.2971523,0.0384627,-0.0052000),(0.2963663,0.0384896,-0.0052000),(0.2971523,0.0384627,-0.0052000),(0.2970659,0.0383689,-0.0052000),(0.2962710,0.0385016,-0.0052000),(0.2963663,0.0384896,-0.0052000),(0.2970659,0.0383689,-0.0052000),(0.2962710,0.0385016,-0.0052000),(0.2970659,0.0383689,-0.0052000),(0.2969892,0.0382972,-0.0052000),(0.2962710,0.0385016,-0.0052000),(0.2969892,0.0382972,-0.0052000),(0.2969094,0.0382351,-0.0052000),(0.2961703,0.0385375,-0.0052000),(0.2962710,0.0385016,-0.0052000),(0.2969094,0.0382351,-0.0052000),(0.2961703,0.0385375,-0.0052000),(0.2969094,0.0382351,-0.0052000),(0.2968266,0.0381825,-0.0052000),(0.2961703,0.0385375,-0.0052000),(0.2968266,0.0381825,-0.0052000),(0.2967407,0.0381395,-0.0052000),(0.2960641,0.0385973,-0.0052000),(0.2961703,0.0385375,-0.0052000),(0.2967407,0.0381395,-0.0052000),(0.2960641,0.0385973,-0.0052000),(0.2967407,0.0381395,-0.0052000),(0.2966517,0.0381061,-0.0052000),(0.2959525,0.0386811,-0.0052000),(0.2960641,0.0385973,-0.0052000),(0.2966517,0.0381061,-0.0052000),(0.2959525,0.0386811,-0.0052000),(0.2966517,0.0381061,-0.0052000),(0.2965597,0.0380822,-0.0052000),(0.2959525,0.0386811,-0.0052000),(0.2965597,0.0380822,-0.0052000),(0.2964645,0.0380678,-0.0052000),(0.2958655,0.0387774,-0.0052000),(0.2959525,0.0386811,-0.0052000),(0.2964645,0.0380678,-0.0052000),(0.2958655,0.0387774,-0.0052000),(0.2964645,0.0380678,-0.0052000),(0.2963663,0.0380631,-0.0052000),(0.2958655,0.0387774,-0.0052000),(0.2963663,0.0380631,-0.0052000),(0.2962812,0.0380677,-0.0052000),(0.2958655,0.0387774,-0.0052000),(0.2962812,0.0380677,-0.0052000),(0.2961957,0.0380815,-0.0052000),(0.2958033,0.0389044,-0.0052000),(0.2958655,0.0387774,-0.0052000),(0.2961957,0.0380815,-0.0052000),(0.2958033,0.0389044,-0.0052000),(0.2961957,0.0380815,-0.0052000),(0.2961097,0.0381044,-0.0052000),(0.2958033,0.0389044,-0.0052000),(0.2961097,0.0381044,-0.0052000),(0.2960234,0.0381366,-0.0052000),(0.2957815,0.0389795,-0.0052000),(0.2958033,0.0389044,-0.0052000),(0.2960234,0.0381366,-0.0052000),(0.2957815,0.0389795,-0.0052000),(0.2960234,0.0381366,-0.0052000),(0.2959367,0.0381780,-0.0052000),(0.2957815,0.0389795,-0.0052000),(0.2959367,0.0381780,-0.0052000),(0.2958496,0.0382286,-0.0052000),(0.2957660,0.0390621,-0.0052000),(0.2957815,0.0389795,-0.0052000),(0.2958496,0.0382286,-0.0052000),(0.2957567,0.0391525,-0.0052000),(0.2957660,0.0390621,-0.0052000),(0.2958496,0.0382286,-0.0052000),(0.2957567,0.0391525,-0.0052000),(0.2958496,0.0382286,-0.0052000),(0.2957621,0.0382883,-0.0052000),(0.2957535,0.0392505,-0.0052000),(0.2957567,0.0391525,-0.0052000),(0.2957621,0.0382883,-0.0052000),(0.2957535,0.0392505,-0.0052000),(0.2957621,0.0382883,-0.0052000),(0.2956742,0.0383573,-0.0052000),(0.2957535,0.0396908,-0.0052000),(0.2957535,0.0392505,-0.0052000),(0.2956742,0.0383573,-0.0052000),(0.2957535,0.0396908,-0.0052000),(0.2956742,0.0383573,-0.0052000),(0.2955923,0.0384338,-0.0052000),(0.2957535,0.0396908,-0.0052000),(0.2955923,0.0384338,-0.0052000),(0.2955214,0.0385199,-0.0052000),(0.2957535,0.0396908,-0.0052000),(0.2955214,0.0385199,-0.0052000),(0.2954613,0.0386157,-0.0052000),(0.2957535,0.0396908,-0.0052000),(0.2954613,0.0386157,-0.0052000),(0.2954122,0.0387211,-0.0052000),(0.2957535,0.0396908,-0.0052000),(0.2954122,0.0387211,-0.0052000),(0.2953740,0.0388361,-0.0052000),(0.2957535,0.0396908,-0.0052000),(0.2953740,0.0388361,-0.0052000),(0.2953467,0.0389607,-0.0052000),(0.2957535,0.0396908,-0.0052000),(0.2953467,0.0389607,-0.0052000),(0.2953304,0.0390950,-0.0052000),(0.2957535,0.0396908,-0.0052000),(0.2953304,0.0390950,-0.0052000),(0.2953249,0.0392389,-0.0052000),(0.2957535,0.0396908,-0.0052000),(0.2953249,0.0392389,-0.0052000),(0.2953249,0.0405586,-0.0052000),(0.2964697,0.0394679,-0.0052000),(0.2957535,0.0396908,-0.0052000),(0.2953249,0.0405586,-0.0052000),(0.2953249,0.0405586,-0.0052000),(0.2957207,0.0405523,-0.0052000),(0.2957362,0.0404270,-0.0052000),(0.2953249,0.0405586,-0.0052000),(0.2957362,0.0404270,-0.0052000),(0.2957826,0.0403041,-0.0052000),(0.2953249,0.0405586,-0.0052000),(0.2957826,0.0403041,-0.0052000),(0.2958600,0.0401836,-0.0052000),(0.2964697,0.0394679,-0.0052000),(0.2953249,0.0405586,-0.0052000),(0.2958600,0.0401836,-0.0052000),(0.2964697,0.0394679,-0.0052000),(0.2958600,0.0401836,-0.0052000),(0.2959684,0.0400654,-0.0052000),(0.2964697,0.0394679,-0.0052000),(0.2959684,0.0400654,-0.0052000),(0.2960640,0.0399876,-0.0052000),(0.2964697,0.0394679,-0.0052000),(0.2960640,0.0399876,-0.0052000),(0.2961634,0.0399321,-0.0052000),(0.2964697,0.0394679,-0.0052000),(0.2961634,0.0399321,-0.0052000),(0.2962666,0.0398987,-0.0052000),(0.2964697,0.0394679,-0.0052000),(0.2962666,0.0398987,-0.0052000),(0.2963737,0.0398876,-0.0052000),(0.2964697,0.0394679,-0.0052000),(0.2963737,0.0398876,-0.0052000),(0.2964794,0.0398987,-0.0052000),(0.2964697,0.0394679,-0.0052000),(0.2964794,0.0398987,-0.0052000),(0.2965817,0.0399321,-0.0052000),(0.2964697,0.0394679,-0.0052000),(0.2965817,0.0399321,-0.0052000),(0.2966805,0.0399876,-0.0052000),(0.2964697,0.0394679,-0.0052000),(0.2966805,0.0399876,-0.0052000),(0.2967759,0.0400654,-0.0052000),(0.2964697,0.0394679,-0.0052000),(0.2967759,0.0400654,-0.0052000),(0.2968643,0.0401940,-0.0052000),(0.2974003,0.0410615,-0.0052000),(0.2964697,0.0394679,-0.0052000),(0.2968643,0.0401940,-0.0052000),(0.2974003,0.0410615,-0.0052000),(0.2968643,0.0401940,-0.0052000),(0.2968991,0.0402801,-0.0052000),(0.2974003,0.0410615,-0.0052000),(0.2968991,0.0402801,-0.0052000),(0.2969275,0.0403808,-0.0052000),(0.2974003,0.0410615,-0.0052000),(0.2969275,0.0403808,-0.0052000),(0.2969496,0.0404960,-0.0052000),(0.2974003,0.0410615,-0.0052000),(0.2969496,0.0404960,-0.0052000),(0.2969654,0.0406258,-0.0052000),(0.2974003,0.0410615,-0.0052000),(0.2969654,0.0406258,-0.0052000),(0.2969749,0.0407702,-0.0052000),(0.2974003,0.0410615,-0.0052000),(0.2969749,0.0407702,-0.0052000),(0.2969780,0.0409290,-0.0052000),(0.2974003,0.0410615,-0.0052000),(0.2969780,0.0409290,-0.0052000),(0.2969747,0.0410205,-0.0052000),(0.2974003,0.0410615,-0.0052000),(0.2969747,0.0410205,-0.0052000),(0.2969645,0.0411070,-0.0052000),(0.2974003,0.0410615,-0.0052000),(0.2969645,0.0411070,-0.0052000),(0.2969477,0.0411885,-0.0052000),(0.2974003,0.0410615,-0.0052000),(0.2969477,0.0411885,-0.0052000),(0.2969241,0.0412651,-0.0052000),(0.2974003,0.0410615,-0.0052000),(0.2969241,0.0412651,-0.0052000),(0.2968566,0.0414033,-0.0052000),(0.2974003,0.0410615,-0.0052000),(0.2968566,0.0414033,-0.0052000),(0.2967621,0.0415217,-0.0052000),(0.2974003,0.0410615,-0.0052000),(0.2967621,0.0415217,-0.0052000),(0.2966709,0.0415976,-0.0052000),(0.2957217,0.0406425,-0.0052000),(0.2957207,0.0405523,-0.0052000),(0.2953249,0.0405586,-0.0052000),(0.2957245,0.0407287,-0.0052000),(0.2957217,0.0406425,-0.0052000),(0.2953249,0.0405586,-0.0052000),(0.2957356,0.0408891,-0.0052000),(0.2957245,0.0407287,-0.0052000),(0.2953249,0.0405586,-0.0052000),(0.2957542,0.0410335,-0.0052000),(0.2957356,0.0408891,-0.0052000),(0.2953249,0.0405586,-0.0052000),(0.2957803,0.0411619,-0.0052000),(0.2957542,0.0410335,-0.0052000),(0.2953249,0.0405586,-0.0052000),(0.2958138,0.0412743,-0.0052000),(0.2957803,0.0411619,-0.0052000),(0.2953249,0.0405586,-0.0052000),(0.2958547,0.0413706,-0.0052000),(0.2958138,0.0412743,-0.0052000),(0.2953249,0.0405586,-0.0052000),(0.2959031,0.0414510,-0.0052000),(0.2958547,0.0413706,-0.0052000),(0.2953249,0.0405586,-0.0052000),(0.2959031,0.0414510,-0.0052000),(0.2953249,0.0405586,-0.0052000),(0.2953263,0.0406743,-0.0052000),(0.2959031,0.0414510,-0.0052000),(0.2953263,0.0406743,-0.0052000),(0.2953303,0.0407851,-0.0052000),(0.2959031,0.0414510,-0.0052000),(0.2953303,0.0407851,-0.0052000),(0.2953370,0.0408910,-0.0052000),(0.2959589,0.0415154,-0.0052000),(0.2959031,0.0414510,-0.0052000),(0.2953370,0.0408910,-0.0052000),(0.2959589,0.0415154,-0.0052000),(0.2953370,0.0408910,-0.0052000),(0.2953464,0.0409921,-0.0052000),(0.2959589,0.0415154,-0.0052000),(0.2953464,0.0409921,-0.0052000),(0.2953584,0.0410882,-0.0052000),(0.2960559,0.0415941,-0.0052000),(0.2959589,0.0415154,-0.0052000),(0.2953584,0.0410882,-0.0052000),(0.2960559,0.0415941,-0.0052000),(0.2953584,0.0410882,-0.0052000),(0.2953731,0.0411795,-0.0052000),(0.2960559,0.0415941,-0.0052000),(0.2953731,0.0411795,-0.0052000),(0.2953906,0.0412659,-0.0052000),(0.2961565,0.0416503,-0.0052000),(0.2960559,0.0415941,-0.0052000),(0.2953906,0.0412659,-0.0052000),(0.2961565,0.0416503,-0.0052000),(0.2953906,0.0412659,-0.0052000),(0.2954106,0.0413473,-0.0052000),(0.2961565,0.0416503,-0.0052000),(0.2954106,0.0413473,-0.0052000),(0.2954334,0.0414239,-0.0052000),(0.2962607,0.0416840,-0.0052000),(0.2961565,0.0416503,-0.0052000),(0.2954334,0.0414239,-0.0052000),(0.2962607,0.0416840,-0.0052000),(0.2954334,0.0414239,-0.0052000),(0.2954589,0.0414957,-0.0052000),(0.2962607,0.0416840,-0.0052000),(0.2954589,0.0414957,-0.0052000),(0.2955178,0.0416244,-0.0052000),(0.2963684,0.0416953,-0.0052000),(0.2962607,0.0416840,-0.0052000),(0.2955178,0.0416244,-0.0052000),(0.2963684,0.0416953,-0.0052000),(0.2955178,0.0416244,-0.0052000),(0.2955875,0.0417337,-0.0052000),(0.2963684,0.0416953,-0.0052000),(0.2955875,0.0417337,-0.0052000),(0.2956678,0.0418233,-0.0052000),(0.2964740,0.0416844,-0.0052000),(0.2963684,0.0416953,-0.0052000),(0.2956678,0.0418233,-0.0052000),(0.2964740,0.0416844,-0.0052000),(0.2956678,0.0418233,-0.0052000),(0.2957472,0.0418928,-0.0052000),(0.2964740,0.0416844,-0.0052000),(0.2957472,0.0418928,-0.0052000),(0.2958292,0.0419530,-0.0052000),(0.2965748,0.0416519,-0.0052000),(0.2964740,0.0416844,-0.0052000),(0.2958292,0.0419530,-0.0052000),(0.2965748,0.0416519,-0.0052000),(0.2958292,0.0419530,-0.0052000),(0.2959137,0.0420039,-0.0052000),(0.2965748,0.0416519,-0.0052000),(0.2959137,0.0420039,-0.0052000),(0.2960009,0.0420456,-0.0052000),(0.2966709,0.0415976,-0.0052000),(0.2965748,0.0416519,-0.0052000),(0.2960009,0.0420456,-0.0052000),(0.2966709,0.0415976,-0.0052000),(0.2960009,0.0420456,-0.0052000),(0.2960907,0.0420780,-0.0052000),(0.2974003,0.0410615,-0.0052000),(0.2966709,0.0415976,-0.0052000),(0.2960907,0.0420780,-0.0052000),(0.2974003,0.0410615,-0.0052000),(0.2960907,0.0420780,-0.0052000),(0.2961832,0.0421011,-0.0052000),(0.2974003,0.0410615,-0.0052000),(0.2961832,0.0421011,-0.0052000),(0.2962782,0.0421150,-0.0052000),(0.2974003,0.0410615,-0.0052000),(0.2962782,0.0421150,-0.0052000),(0.2963758,0.0421197,-0.0052000),(0.2974003,0.0410615,-0.0052000),(0.2963758,0.0421197,-0.0052000),(0.2964711,0.0421149,-0.0052000),(0.2974003,0.0410615,-0.0052000),(0.2964711,0.0421149,-0.0052000),(0.2965637,0.0421008,-0.0052000),(0.2974003,0.0410615,-0.0052000),(0.2965637,0.0421008,-0.0052000),(0.2966537,0.0420772,-0.0052000),(0.2974003,0.0410615,-0.0052000),(0.2966537,0.0420772,-0.0052000),(0.2967410,0.0420443,-0.0052000),(0.2974003,0.0410615,-0.0052000),(0.2967410,0.0420443,-0.0052000),(0.2968256,0.0420018,-0.0052000),(0.2974003,0.0410615,-0.0052000),(0.2968256,0.0420018,-0.0052000),(0.2969077,0.0419500,-0.0052000),(0.2974003,0.0410615,-0.0052000),(0.2969077,0.0419500,-0.0052000),(0.2969870,0.0418887,-0.0052000),(0.2974003,0.0410615,-0.0052000),(0.2969870,0.0418887,-0.0052000),(0.2970638,0.0418180,-0.0052000),(0.2974003,0.0410615,-0.0052000),(0.2970638,0.0418180,-0.0052000),(0.2971439,0.0417298,-0.0052000),(0.2974003,0.0410615,-0.0052000),(0.2971439,0.0417298,-0.0052000),(0.2972133,0.0416349,-0.0052000),(0.2974003,0.0410615,-0.0052000),(0.2972133,0.0416349,-0.0052000),(0.2972721,0.0415335,-0.0052000),(0.2974003,0.0410615,-0.0052000),(0.2972721,0.0415335,-0.0052000),(0.2973201,0.0414254,-0.0052000),(0.2974003,0.0410615,-0.0052000),(0.2973201,0.0414254,-0.0052000),(0.2973575,0.0413107,-0.0052000),(0.2974003,0.0410615,-0.0052000),(0.2973575,0.0413107,-0.0052000),(0.2973842,0.0411894,-0.0052000),(0.3022581,0.0416953,-0.0052000),(0.3034296,0.0401046,-0.0052000),(0.3034941,0.0400108,-0.0052000),(0.3022581,0.0416953,-0.0052000),(0.3034941,0.0400108,-0.0052000),(0.3035500,0.0399132,-0.0052000),(0.3022581,0.0416953,-0.0052000),(0.3035500,0.0399132,-0.0052000),(0.3035973,0.0398118,-0.0052000),(0.3022581,0.0416953,-0.0052000),(0.3035973,0.0398118,-0.0052000),(0.3036360,0.0397064,-0.0052000),(0.3022581,0.0416953,-0.0052000),(0.3036360,0.0397064,-0.0052000),(0.3036661,0.0395972,-0.0052000),(0.3022581,0.0416953,-0.0052000),(0.3036661,0.0395972,-0.0052000),(0.3036876,0.0394841,-0.0052000),(0.3022581,0.0416953,-0.0052000),(0.3036876,0.0394841,-0.0052000),(0.3037005,0.0393671,-0.0052000),(0.3022581,0.0416953,-0.0052000),(0.3037005,0.0393671,-0.0052000),(0.3037048,0.0392463,-0.0052000),(0.3022581,0.0416953,-0.0052000),(0.3037048,0.0392463,-0.0052000),(0.3036997,0.0391213,-0.0052000),(0.3022581,0.0416953,-0.0052000),(0.3036997,0.0391213,-0.0052000),(0.3036843,0.0390010,-0.0052000),(0.3022581,0.0416953,-0.0052000),(0.3036843,0.0390010,-0.0052000),(0.3036587,0.0388852,-0.0052000),(0.3022581,0.0416953,-0.0052000),(0.3036587,0.0388852,-0.0052000),(0.3036228,0.0387740,-0.0052000),(0.3036228,0.0387740,-0.0052000),(0.3035766,0.0386674,-0.0052000),(0.3035203,0.0385654,-0.0052000),(0.3036228,0.0387740,-0.0052000),(0.3035203,0.0385654,-0.0052000),(0.3034536,0.0384681,-0.0052000),(0.3036228,0.0387740,-0.0052000),(0.3034536,0.0384681,-0.0052000),(0.3033767,0.0383753,-0.0052000),(0.3036228,0.0387740,-0.0052000),(0.3033767,0.0383753,-0.0052000),(0.3033038,0.0383021,-0.0052000),(0.3036228,0.0387740,-0.0052000),(0.3033038,0.0383021,-0.0052000),(0.3032264,0.0382387,-0.0052000),(0.3036228,0.0387740,-0.0052000),(0.3032264,0.0382387,-0.0052000),(0.3031445,0.0381850,-0.0052000),(0.3036228,0.0387740,-0.0052000),(0.3031445,0.0381850,-0.0052000),(0.3030582,0.0381411,-0.0052000),(0.3036228,0.0387740,-0.0052000),(0.3030582,0.0381411,-0.0052000),(0.3029673,0.0381070,-0.0052000),(0.3036228,0.0387740,-0.0052000),(0.3029673,0.0381070,-0.0052000),(0.3028719,0.0380826,-0.0052000),(0.3036228,0.0387740,-0.0052000),(0.3028719,0.0380826,-0.0052000),(0.3027720,0.0380679,-0.0052000),(0.3036228,0.0387740,-0.0052000),(0.3027720,0.0380679,-0.0052000),(0.3026676,0.0380631,-0.0052000),(0.3036228,0.0387740,-0.0052000),(0.3026676,0.0380631,-0.0052000),(0.3025691,0.0380678,-0.0052000),(0.3036228,0.0387740,-0.0052000),(0.3025691,0.0380678,-0.0052000),(0.3024736,0.0380822,-0.0052000),(0.3036228,0.0387740,-0.0052000),(0.3024736,0.0380822,-0.0052000),(0.3023811,0.0381061,-0.0052000),(0.3036228,0.0387740,-0.0052000),(0.3023811,0.0381061,-0.0052000),(0.3022917,0.0381395,-0.0052000),(0.3036228,0.0387740,-0.0052000),(0.3022917,0.0381395,-0.0052000),(0.3022052,0.0381825,-0.0052000),(0.3036228,0.0387740,-0.0052000),(0.3022052,0.0381825,-0.0052000),(0.3021217,0.0382351,-0.0052000),(0.3021217,0.0382351,-0.0052000),(0.3020413,0.0382972,-0.0052000),(0.3019638,0.0383689,-0.0052000),(0.3021217,0.0382351,-0.0052000),(0.3019638,0.0383689,-0.0052000),(0.3018847,0.0384554,-0.0052000),(0.3021217,0.0382351,-0.0052000),(0.3018847,0.0384554,-0.0052000),(0.3018161,0.0385483,-0.0052000),(0.3021217,0.0382351,-0.0052000),(0.3018161,0.0385483,-0.0052000),(0.3017581,0.0386475,-0.0052000),(0.3021217,0.0382351,-0.0052000),(0.3017581,0.0386475,-0.0052000),(0.3017106,0.0387531,-0.0052000),(0.3021217,0.0382351,-0.0052000),(0.3017106,0.0387531,-0.0052000),(0.3016737,0.0388650,-0.0052000),(0.3021217,0.0382351,-0.0052000),(0.3016737,0.0388650,-0.0052000),(0.3016473,0.0389833,-0.0052000),(0.3021217,0.0382351,-0.0052000),(0.3016473,0.0389833,-0.0052000),(0.3016315,0.0391079,-0.0052000),(0.3021217,0.0382351,-0.0052000),(0.3016315,0.0391079,-0.0052000),(0.3016262,0.0392389,-0.0052000),(0.3021217,0.0382351,-0.0052000),(0.3016262,0.0392389,-0.0052000),(0.3016262,0.0392442,-0.0052000),(0.3021217,0.0382351,-0.0052000),(0.3016262,0.0392442,-0.0052000),(0.3016418,0.0393257,-0.0052000),(0.3021217,0.0382351,-0.0052000),(0.3016418,0.0393257,-0.0052000),(0.3016887,0.0393945,-0.0052000),(0.3021217,0.0382351,-0.0052000),(0.3016887,0.0393945,-0.0052000),(0.3017575,0.0394413,-0.0052000),(0.3021217,0.0382351,-0.0052000),(0.3017575,0.0394413,-0.0052000),(0.3018390,0.0394569,-0.0052000),(0.3021217,0.0382351,-0.0052000),(0.3018390,0.0394569,-0.0052000),(0.3019205,0.0394413,-0.0052000),(0.3021217,0.0382351,-0.0052000),(0.3019205,0.0394413,-0.0052000),(0.3019892,0.0393945,-0.0052000),(0.3021217,0.0382351,-0.0052000),(0.3019892,0.0393945,-0.0052000),(0.3020369,0.0393257,-0.0052000),(0.3020369,0.0393257,-0.0052000),(0.3020527,0.0392442,-0.0052000),(0.3020527,0.0392389,-0.0052000),(0.3020369,0.0393257,-0.0052000),(0.3020527,0.0392389,-0.0052000),(0.3020561,0.0391520,-0.0052000),(0.3021217,0.0382351,-0.0052000),(0.3020369,0.0393257,-0.0052000),(0.3020561,0.0391520,-0.0052000),(0.3021217,0.0382351,-0.0052000),(0.3020561,0.0391520,-0.0052000),(0.3020660,0.0390695,-0.0052000),(0.3021217,0.0382351,-0.0052000),(0.3020660,0.0390695,-0.0052000),(0.3020827,0.0389916,-0.0052000),(0.3021217,0.0382351,-0.0052000),(0.3020827,0.0389916,-0.0052000),(0.3021059,0.0389182,-0.0052000),(0.3021217,0.0382351,-0.0052000),(0.3021059,0.0389182,-0.0052000),(0.3021724,0.0387849,-0.0052000),(0.3021217,0.0382351,-0.0052000),(0.3021724,0.0387849,-0.0052000),(0.3022655,0.0386695,-0.0052000),(0.3021217,0.0382351,-0.0052000),(0.3022655,0.0386695,-0.0052000),(0.3023564,0.0385908,-0.0052000),(0.3021217,0.0382351,-0.0052000),(0.3023564,0.0385908,-0.0052000),(0.3024533,0.0385346,-0.0052000),(0.3021217,0.0382351,-0.0052000),(0.3024533,0.0385346,-0.0052000),(0.3025564,0.0385008,-0.0052000),(0.3021217,0.0382351,-0.0052000),(0.3025564,0.0385008,-0.0052000),(0.3026655,0.0384896,-0.0052000),(0.3021217,0.0382351,-0.0052000),(0.3026655,0.0384896,-0.0052000),(0.3027788,0.0385004,-0.0052000),(0.3021217,0.0382351,-0.0052000),(0.3027788,0.0385004,-0.0052000),(0.3028825,0.0385330,-0.0052000),(0.3036228,0.0387740,-0.0052000),(0.3021217,0.0382351,-0.0052000),(0.3028825,0.0385330,-0.0052000),(0.3036228,0.0387740,-0.0052000),(0.3028825,0.0385330,-0.0052000),(0.3029767,0.0385872,-0.0052000),(0.3036228,0.0387740,-0.0052000),(0.3029767,0.0385872,-0.0052000),(0.3030613,0.0386631,-0.0052000),(0.3036228,0.0387740,-0.0052000),(0.3030613,0.0386631,-0.0052000),(0.3031129,0.0387243,-0.0052000),(0.3036228,0.0387740,-0.0052000),(0.3031129,0.0387243,-0.0052000),(0.3031576,0.0387888,-0.0052000),(0.3036228,0.0387740,-0.0052000),(0.3031576,0.0387888,-0.0052000),(0.3032264,0.0389275,-0.0052000),(0.3036228,0.0387740,-0.0052000),(0.3032264,0.0389275,-0.0052000),(0.3032677,0.0390793,-0.0052000),(0.3036228,0.0387740,-0.0052000),(0.3032677,0.0390793,-0.0052000),(0.3032780,0.0391601,-0.0052000),(0.3036228,0.0387740,-0.0052000),(0.3032780,0.0391601,-0.0052000),(0.3032815,0.0392442,-0.0052000),(0.3036228,0.0387740,-0.0052000),(0.3032815,0.0392442,-0.0052000),(0.3032785,0.0393309,-0.0052000),(0.3036228,0.0387740,-0.0052000),(0.3032785,0.0393309,-0.0052000),(0.3032698,0.0394143,-0.0052000),(0.3036228,0.0387740,-0.0052000),(0.3032698,0.0394143,-0.0052000),(0.3032551,0.0394944,-0.0052000),(0.3036228,0.0387740,-0.0052000),(0.3032551,0.0394944,-0.0052000),(0.3032346,0.0395712,-0.0052000),(0.3036228,0.0387740,-0.0052000),(0.3032346,0.0395712,-0.0052000),(0.3031761,0.0397149,-0.0052000),(0.3022581,0.0416953,-0.0052000),(0.3036228,0.0387740,-0.0052000),(0.3031761,0.0397149,-0.0052000),(0.3022581,0.0416953,-0.0052000),(0.3031761,0.0397149,-0.0052000),(0.3030941,0.0398453,-0.0052000),(0.3022581,0.0416953,-0.0052000),(0.3030941,0.0398453,-0.0052000),(0.3016707,0.0417789,-0.0052000),(0.3034942,0.0416953,-0.0052000),(0.3022581,0.0416953,-0.0052000),(0.3016707,0.0417789,-0.0052000),(0.3034942,0.0416953,-0.0052000),(0.3016707,0.0417789,-0.0052000),(0.3016241,0.0419038,-0.0052000),(0.3034942,0.0416953,-0.0052000),(0.3016241,0.0419038,-0.0052000),(0.3016262,0.0419387,-0.0052000),(0.3034942,0.0416953,-0.0052000),(0.3016262,0.0419387,-0.0052000),(0.3016527,0.0420173,-0.0052000),(0.3034942,0.0416953,-0.0052000),(0.3016527,0.0420173,-0.0052000),(0.3017046,0.0420731,-0.0052000),(0.3034942,0.0416953,-0.0052000),(0.3017046,0.0420731,-0.0052000),(0.3017731,0.0421080,-0.0052000),(0.3034942,0.0416953,-0.0052000),(0.3017731,0.0421080,-0.0052000),(0.3018390,0.0421197,-0.0052000),(0.3034942,0.0416953,-0.0052000),(0.3018390,0.0421197,-0.0052000),(0.3034942,0.0421197,-0.0052000),(0.3034942,0.0416953,-0.0052000),(0.3034942,0.0421197,-0.0052000),(0.3035775,0.0421046,-0.0052000),(0.3034942,0.0416953,-0.0052000),(0.3035775,0.0421046,-0.0052000),(0.3036455,0.0420593,-0.0052000),(0.3034942,0.0416953,-0.0052000),(0.3036455,0.0420593,-0.0052000),(0.3036900,0.0419913,-0.0052000),(0.3034942,0.0416953,-0.0052000),(0.3036900,0.0419913,-0.0052000),(0.3037048,0.0419080,-0.0052000),(0.3034942,0.0416953,-0.0052000),(0.3037048,0.0419080,-0.0052000),(0.3036900,0.0418239,-0.0052000),(0.3034942,0.0416953,-0.0052000),(0.3036900,0.0418239,-0.0052000),(0.3036455,0.0417556,-0.0052000),(0.3034942,0.0416953,-0.0052000),(0.3036455,0.0417556,-0.0052000),(0.3035797,0.0417104,-0.0052000),(0.3005139,0.0384938,-0.0052000),(0.2997456,0.0418625,-0.0052000),(0.2997435,0.0419112,-0.0052000),(0.3005139,0.0384938,-0.0052000),(0.2997435,0.0419112,-0.0052000),(0.2997731,0.0420202,-0.0052000),(0.3005139,0.0384938,-0.0052000),(0.2997731,0.0420202,-0.0052000),(0.2998295,0.0420824,-0.0052000),(0.3005139,0.0384938,-0.0052000),(0.2998295,0.0420824,-0.0052000),(0.2999054,0.0421165,-0.0052000),(0.3005139,0.0384938,-0.0052000),(0.2999054,0.0421165,-0.0052000),(0.2999562,0.0421197,-0.0052000),(0.3005139,0.0384938,-0.0052000),(0.2999562,0.0421197,-0.0052000),(0.3000673,0.0420890,-0.0052000),(0.3005139,0.0384938,-0.0052000),(0.3000673,0.0420890,-0.0052000),(0.3001287,0.0420316,-0.0052000),(0.3005139,0.0384938,-0.0052000),(0.3001287,0.0420316,-0.0052000),(0.3001604,0.0419524,-0.0052000),(0.3005139,0.0384938,-0.0052000),(0.3001604,0.0419524,-0.0052000),(0.3009891,0.0383266,-0.0052000),(0.2991296,0.0384938,-0.0052000),(0.3005139,0.0384938,-0.0052000),(0.3009891,0.0383266,-0.0052000),(0.2991296,0.0384938,-0.0052000),(0.3009891,0.0383266,-0.0052000),(0.3009934,0.0382758,-0.0052000),(0.2991296,0.0384938,-0.0052000),(0.3009934,0.0382758,-0.0052000),(0.3009478,0.0381467,-0.0052000),(0.2991296,0.0384938,-0.0052000),(0.3009478,0.0381467,-0.0052000),(0.3008732,0.0380871,-0.0052000),(0.2991296,0.0384938,-0.0052000),(0.3008732,0.0380871,-0.0052000),(0.3007806,0.0380673,-0.0052000),(0.2991296,0.0384938,-0.0052000),(0.3007806,0.0380673,-0.0052000),(0.2991296,0.0380673,-0.0052000),(0.2991296,0.0384938,-0.0052000),(0.2991296,0.0380673,-0.0052000),(0.2990481,0.0380832,-0.0052000),(0.2991296,0.0384938,-0.0052000),(0.2990481,0.0380832,-0.0052000),(0.2989793,0.0381308,-0.0052000),(0.2991296,0.0384938,-0.0052000),(0.2989793,0.0381308,-0.0052000),(0.2989325,0.0381993,-0.0052000),(0.2991296,0.0384938,-0.0052000),(0.2989325,0.0381993,-0.0052000),(0.2989169,0.0382800,-0.0052000),(0.2991296,0.0384938,-0.0052000),(0.2989169,0.0382800,-0.0052000),(0.2989325,0.0383610,-0.0052000),(0.2991296,0.0384938,-0.0052000),(0.2989325,0.0383610,-0.0052000),(0.2989793,0.0384303,-0.0052000),(0.2991296,0.0384938,-0.0052000),(0.2989793,0.0384303,-0.0052000),(0.2990481,0.0384779,-0.0052000),(0.2978639,0.0420892,-0.0052000),(0.2979369,0.0421959,-0.0052000),(0.2980435,0.0422689,-0.0052000),(0.2978639,0.0420892,-0.0052000),(0.2980435,0.0422689,-0.0052000),(0.2981687,0.0422932,-0.0052000),(0.2978639,0.0420892,-0.0052000),(0.2981687,0.0422932,-0.0052000),(0.2982935,0.0422689,-0.0052000),(0.2978639,0.0420892,-0.0052000),(0.2982935,0.0422689,-0.0052000),(0.2983994,0.0421959,-0.0052000),(0.2978639,0.0420892,-0.0052000),(0.2983994,0.0421959,-0.0052000),(0.2984724,0.0420892,-0.0052000),(0.2978639,0.0420892,-0.0052000),(0.2984724,0.0420892,-0.0052000),(0.2984967,0.0419641,-0.0052000),(0.2978639,0.0420892,-0.0052000),(0.2984967,0.0419641,-0.0052000),(0.2984724,0.0418389,-0.0052000),(0.2978639,0.0420892,-0.0052000),(0.2984724,0.0418389,-0.0052000),(0.2983994,0.0417323,-0.0052000),(0.2978639,0.0420892,-0.0052000),(0.2983994,0.0417323,-0.0052000),(0.2982935,0.0416593,-0.0052000),(0.2978639,0.0420892,-0.0052000),(0.2982935,0.0416593,-0.0052000),(0.2981687,0.0416349,-0.0052000),(0.2978639,0.0420892,-0.0052000),(0.2981687,0.0416349,-0.0052000),(0.2980435,0.0416593,-0.0052000),(0.2978639,0.0420892,-0.0052000),(0.2980435,0.0416593,-0.0052000),(0.2979369,0.0417323,-0.0052000),(0.2978639,0.0420892,-0.0052000),(0.2979369,0.0417323,-0.0052000),(0.2978639,0.0418389,-0.0052000),(0.2978639,0.0420892,-0.0052000),(0.2978639,0.0418389,-0.0052000),(0.2978395,0.0419641,-0.0052000),(0.3140322,0.0414530,-0.0052000),(0.3140375,0.0413206,-0.0052000),(0.3140375,0.0396305,-0.0052000),(0.3140322,0.0414530,-0.0052000),(0.3140375,0.0396305,-0.0052000),(0.3140322,0.0394998,-0.0052000),(0.3140322,0.0414530,-0.0052000),(0.3140322,0.0394998,-0.0052000),(0.3140163,0.0393752,-0.0052000),(0.3140322,0.0414530,-0.0052000),(0.3140163,0.0393752,-0.0052000),(0.3139897,0.0392566,-0.0052000),(0.3140322,0.0414530,-0.0052000),(0.3139897,0.0392566,-0.0052000),(0.3139526,0.0391439,-0.0052000),(0.3140322,0.0414530,-0.0052000),(0.3139526,0.0391439,-0.0052000),(0.3139048,0.0390372,-0.0052000),(0.3140322,0.0414530,-0.0052000),(0.3139048,0.0390372,-0.0052000),(0.3138464,0.0389365,-0.0052000),(0.3140322,0.0414530,-0.0052000),(0.3138464,0.0389365,-0.0052000),(0.3137774,0.0388418,-0.0052000),(0.3140322,0.0414530,-0.0052000),(0.3137774,0.0388418,-0.0052000),(0.3136978,0.0387531,-0.0052000),(0.3140322,0.0414530,-0.0052000),(0.3136978,0.0387531,-0.0052000),(0.3136211,0.0386814,-0.0052000),(0.3140322,0.0414530,-0.0052000),(0.3136211,0.0386814,-0.0052000),(0.3135413,0.0386193,-0.0052000),(0.3140322,0.0414530,-0.0052000),(0.3135413,0.0386193,-0.0052000),(0.3134585,0.0385667,-0.0052000),(0.3134585,0.0385667,-0.0052000),(0.3133726,0.0385237,-0.0052000),(0.3132836,0.0384903,-0.0052000),(0.3134585,0.0385667,-0.0052000),(0.3132836,0.0384903,-0.0052000),(0.3131916,0.0384664,-0.0052000),(0.3134585,0.0385667,-0.0052000),(0.3131916,0.0384664,-0.0052000),(0.3130964,0.0384520,-0.0052000),(0.3134585,0.0385667,-0.0052000),(0.3130964,0.0384520,-0.0052000),(0.3129982,0.0384472,-0.0052000),(0.3134585,0.0385667,-0.0052000),(0.3129982,0.0384472,-0.0052000),(0.3129011,0.0384520,-0.0052000),(0.3134585,0.0385667,-0.0052000),(0.3129011,0.0384520,-0.0052000),(0.3128067,0.0384664,-0.0052000),(0.3134585,0.0385667,-0.0052000),(0.3128067,0.0384664,-0.0052000),(0.3127150,0.0384903,-0.0052000),(0.3134585,0.0385667,-0.0052000),(0.3127150,0.0384903,-0.0052000),(0.3126259,0.0385237,-0.0052000),(0.3134585,0.0385667,-0.0052000),(0.3126259,0.0385237,-0.0052000),(0.3125396,0.0385667,-0.0052000),(0.3134585,0.0385667,-0.0052000),(0.3125396,0.0385667,-0.0052000),(0.3124559,0.0386193,-0.0052000),(0.3134585,0.0385667,-0.0052000),(0.3124559,0.0386193,-0.0052000),(0.3123749,0.0386814,-0.0052000),(0.3134585,0.0385667,-0.0052000),(0.3123749,0.0386814,-0.0052000),(0.3122965,0.0387531,-0.0052000),(0.3134585,0.0385667,-0.0052000),(0.3122965,0.0387531,-0.0052000),(0.3122169,0.0388401,-0.0052000),(0.3134585,0.0385667,-0.0052000),(0.3122169,0.0388401,-0.0052000),(0.3121479,0.0389333,-0.0052000),(0.3134585,0.0385667,-0.0052000),(0.3121479,0.0389333,-0.0052000),(0.3120895,0.0390327,-0.0052000),(0.3134585,0.0385667,-0.0052000),(0.3120895,0.0390327,-0.0052000),(0.3120417,0.0391383,-0.0052000),(0.3134585,0.0385667,-0.0052000),(0.3120417,0.0391383,-0.0052000),(0.3120046,0.0392502,-0.0052000),(0.3120046,0.0392502,-0.0052000),(0.3119780,0.0393683,-0.0052000),(0.3119621,0.0394925,-0.0052000),(0.3120046,0.0392502,-0.0052000),(0.3119621,0.0394925,-0.0052000),(0.3119568,0.0396231,-0.0052000),(0.3120046,0.0392502,-0.0052000),(0.3119568,0.0396231,-0.0052000),(0.3119568,0.0396305,-0.0052000),(0.3120046,0.0392502,-0.0052000),(0.3119568,0.0396305,-0.0052000),(0.3119568,0.0413249,-0.0052000),(0.3120046,0.0392502,-0.0052000),(0.3119568,0.0413249,-0.0052000),(0.3119621,0.0414562,-0.0052000),(0.3120046,0.0392502,-0.0052000),(0.3119621,0.0414562,-0.0052000),(0.3119780,0.0415813,-0.0052000),(0.3120046,0.0392502,-0.0052000),(0.3119780,0.0415813,-0.0052000),(0.3120046,0.0417002,-0.0052000),(0.3120046,0.0392502,-0.0052000),(0.3120046,0.0417002,-0.0052000),(0.3120417,0.0418130,-0.0052000),(0.3120046,0.0392502,-0.0052000),(0.3120417,0.0418130,-0.0052000),(0.3120895,0.0419196,-0.0052000),(0.3120046,0.0392502,-0.0052000),(0.3120895,0.0419196,-0.0052000),(0.3121479,0.0420200,-0.0052000),(0.3120046,0.0392502,-0.0052000),(0.3121479,0.0420200,-0.0052000),(0.3122169,0.0421142,-0.0052000),(0.3120046,0.0392502,-0.0052000),(0.3122169,0.0421142,-0.0052000),(0.3122965,0.0422022,-0.0052000),(0.3122965,0.0422022,-0.0052000),(0.3126003,0.0419059,-0.0052000),(0.3125063,0.0417895,-0.0052000),(0.3122965,0.0422022,-0.0052000),(0.3125063,0.0417895,-0.0052000),(0.3124391,0.0416532,-0.0052000),(0.3122965,0.0422022,-0.0052000),(0.3124391,0.0416532,-0.0052000),(0.3123989,0.0414969,-0.0052000),(0.3120046,0.0392502,-0.0052000),(0.3122965,0.0422022,-0.0052000),(0.3123989,0.0414969,-0.0052000),(0.3120046,0.0392502,-0.0052000),(0.3123989,0.0414969,-0.0052000),(0.3123888,0.0414113,-0.0052000),(0.3120046,0.0392502,-0.0052000),(0.3123888,0.0414113,-0.0052000),(0.3123854,0.0413206,-0.0052000),(0.3120046,0.0392502,-0.0052000),(0.3123854,0.0413206,-0.0052000),(0.3123854,0.0396231,-0.0052000),(0.3120046,0.0392502,-0.0052000),(0.3123854,0.0396231,-0.0052000),(0.3123888,0.0395347,-0.0052000),(0.3120046,0.0392502,-0.0052000),(0.3123888,0.0395347,-0.0052000),(0.3123987,0.0394513,-0.0052000),(0.3120046,0.0392502,-0.0052000),(0.3123987,0.0394513,-0.0052000),(0.3124154,0.0393728,-0.0052000),(0.3120046,0.0392502,-0.0052000),(0.3124154,0.0393728,-0.0052000),(0.3124386,0.0392992,-0.0052000),(0.3120046,0.0392502,-0.0052000),(0.3124386,0.0392992,-0.0052000),(0.3125051,0.0391666,-0.0052000),(0.3120046,0.0392502,-0.0052000),(0.3125051,0.0391666,-0.0052000),(0.3125982,0.0390537,-0.0052000),(0.3120046,0.0392502,-0.0052000),(0.3125982,0.0390537,-0.0052000),(0.3126934,0.0389750,-0.0052000),(0.3120046,0.0392502,-0.0052000),(0.3126934,0.0389750,-0.0052000),(0.3127918,0.0389187,-0.0052000),(0.3134585,0.0385667,-0.0052000),(0.3120046,0.0392502,-0.0052000),(0.3127918,0.0389187,-0.0052000),(0.3134585,0.0385667,-0.0052000),(0.3127918,0.0389187,-0.0052000),(0.3128934,0.0388850,-0.0052000),(0.3134585,0.0385667,-0.0052000),(0.3128934,0.0388850,-0.0052000),(0.3129982,0.0388738,-0.0052000),(0.3134585,0.0385667,-0.0052000),(0.3129982,0.0388738,-0.0052000),(0.3131073,0.0388850,-0.0052000),(0.3134585,0.0385667,-0.0052000),(0.3131073,0.0388850,-0.0052000),(0.3132101,0.0389187,-0.0052000),(0.3134585,0.0385667,-0.0052000),(0.3132101,0.0389187,-0.0052000),(0.3133068,0.0389750,-0.0052000),(0.3134585,0.0385667,-0.0052000),(0.3133068,0.0389750,-0.0052000),(0.3133972,0.0390537,-0.0052000),(0.3134585,0.0385667,-0.0052000),(0.3133972,0.0390537,-0.0052000),(0.3134903,0.0391723,-0.0052000),(0.3134585,0.0385667,-0.0052000),(0.3134903,0.0391723,-0.0052000),(0.3135567,0.0393079,-0.0052000),(0.3134585,0.0385667,-0.0052000),(0.3135567,0.0393079,-0.0052000),(0.3135966,0.0394607,-0.0052000),(0.3140322,0.0414530,-0.0052000),(0.3134585,0.0385667,-0.0052000),(0.3135966,0.0394607,-0.0052000),(0.3140322,0.0414530,-0.0052000),(0.3135966,0.0394607,-0.0052000),(0.3136066,0.0395434,-0.0052000),(0.3140322,0.0414530,-0.0052000),(0.3136066,0.0395434,-0.0052000),(0.3136099,0.0396305,-0.0052000),(0.3140322,0.0414530,-0.0052000),(0.3136099,0.0396305,-0.0052000),(0.3136099,0.0413206,-0.0052000),(0.3140322,0.0414530,-0.0052000),(0.3136099,0.0413206,-0.0052000),(0.3136066,0.0414103,-0.0052000),(0.3140322,0.0414530,-0.0052000),(0.3136066,0.0414103,-0.0052000),(0.3135966,0.0414950,-0.0052000),(0.3140322,0.0414530,-0.0052000),(0.3135966,0.0414950,-0.0052000),(0.3135800,0.0415750,-0.0052000),(0.3140322,0.0414530,-0.0052000),(0.3135800,0.0415750,-0.0052000),(0.3135567,0.0416500,-0.0052000),(0.3140322,0.0414530,-0.0052000),(0.3135567,0.0416500,-0.0052000),(0.3134903,0.0417856,-0.0052000),(0.3140322,0.0414530,-0.0052000),(0.3134903,0.0417856,-0.0052000),(0.3133972,0.0419016,-0.0052000),(0.3140322,0.0414530,-0.0052000),(0.3133972,0.0419016,-0.0052000),(0.3133060,0.0419794,-0.0052000),(0.3126918,0.0419818,-0.0052000),(0.3126003,0.0419059,-0.0052000),(0.3122965,0.0422022,-0.0052000),(0.3127887,0.0420361,-0.0052000),(0.3126918,0.0419818,-0.0052000),(0.3122965,0.0422022,-0.0052000),(0.3128908,0.0420686,-0.0052000),(0.3127887,0.0420361,-0.0052000),(0.3122965,0.0422022,-0.0052000),(0.3129982,0.0420794,-0.0052000),(0.3128908,0.0420686,-0.0052000),(0.3122965,0.0422022,-0.0052000),(0.3131065,0.0420683,-0.0052000),(0.3129982,0.0420794,-0.0052000),(0.3122965,0.0422022,-0.0052000),(0.3131065,0.0420683,-0.0052000),(0.3122965,0.0422022,-0.0052000),(0.3123734,0.0422729,-0.0052000),(0.3131065,0.0420683,-0.0052000),(0.3123734,0.0422729,-0.0052000),(0.3124532,0.0423342,-0.0052000),(0.3132091,0.0420350,-0.0052000),(0.3131065,0.0420683,-0.0052000),(0.3124532,0.0423342,-0.0052000),(0.3132091,0.0420350,-0.0052000),(0.3124532,0.0423342,-0.0052000),(0.3125360,0.0423860,-0.0052000),(0.3132091,0.0420350,-0.0052000),(0.3125360,0.0423860,-0.0052000),(0.3126217,0.0424284,-0.0052000),(0.3133060,0.0419794,-0.0052000),(0.3132091,0.0420350,-0.0052000),(0.3126217,0.0424284,-0.0052000),(0.3133060,0.0419794,-0.0052000),(0.3126217,0.0424284,-0.0052000),(0.3127104,0.0424614,-0.0052000),(0.3140322,0.0414530,-0.0052000),(0.3133060,0.0419794,-0.0052000),(0.3127104,0.0424614,-0.0052000),(0.3140322,0.0414530,-0.0052000),(0.3127104,0.0424614,-0.0052000),(0.3128020,0.0424850,-0.0052000),(0.3140322,0.0414530,-0.0052000),(0.3128020,0.0424850,-0.0052000),(0.3128965,0.0424991,-0.0052000),(0.3140322,0.0414530,-0.0052000),(0.3128965,0.0424991,-0.0052000),(0.3129940,0.0425038,-0.0052000),(0.3140322,0.0414530,-0.0052000),(0.3129940,0.0425038,-0.0052000),(0.3130931,0.0424992,-0.0052000),(0.3140322,0.0414530,-0.0052000),(0.3130931,0.0424992,-0.0052000),(0.3131890,0.0424853,-0.0052000),(0.3140322,0.0414530,-0.0052000),(0.3131890,0.0424853,-0.0052000),(0.3132817,0.0424622,-0.0052000),(0.3140322,0.0414530,-0.0052000),(0.3132817,0.0424622,-0.0052000),(0.3133710,0.0424298,-0.0052000),(0.3140322,0.0414530,-0.0052000),(0.3133710,0.0424298,-0.0052000),(0.3134571,0.0423881,-0.0052000),(0.3140322,0.0414530,-0.0052000),(0.3134571,0.0423881,-0.0052000),(0.3135399,0.0423371,-0.0052000),(0.3140322,0.0414530,-0.0052000),(0.3135399,0.0423371,-0.0052000),(0.3136194,0.0422770,-0.0052000),(0.3140322,0.0414530,-0.0052000),(0.3136194,0.0422770,-0.0052000),(0.3136957,0.0422075,-0.0052000),(0.3140322,0.0414530,-0.0052000),(0.3136957,0.0422075,-0.0052000),(0.3137758,0.0421182,-0.0052000),(0.3140322,0.0414530,-0.0052000),(0.3137758,0.0421182,-0.0052000),(0.3138452,0.0420227,-0.0052000),(0.3140322,0.0414530,-0.0052000),(0.3138452,0.0420227,-0.0052000),(0.3139040,0.0419211,-0.0052000),(0.3140322,0.0414530,-0.0052000),(0.3139040,0.0419211,-0.0052000),(0.3139520,0.0418133,-0.0052000),(0.3140322,0.0414530,-0.0052000),(0.3139520,0.0418133,-0.0052000),(0.3139894,0.0416993,-0.0052000),(0.3140322,0.0414530,-0.0052000),(0.3139894,0.0416993,-0.0052000),(0.3140161,0.0415793,-0.0052000),(0.3092528,0.0395071,-0.0052000),(0.3092475,0.0396421,-0.0052000),(0.3092488,0.0397454,-0.0052000),(0.3092528,0.0395071,-0.0052000),(0.3092488,0.0397454,-0.0052000),(0.3092527,0.0398446,-0.0052000),(0.3092528,0.0395071,-0.0052000),(0.3092527,0.0398446,-0.0052000),(0.3092593,0.0399397,-0.0052000),(0.3092528,0.0395071,-0.0052000),(0.3092593,0.0399397,-0.0052000),(0.3092684,0.0400308,-0.0052000),(0.3092528,0.0395071,-0.0052000),(0.3092684,0.0400308,-0.0052000),(0.3092802,0.0401178,-0.0052000),(0.3092528,0.0395071,-0.0052000),(0.3092802,0.0401178,-0.0052000),(0.3092947,0.0402007,-0.0052000),(0.3092528,0.0395071,-0.0052000),(0.3092947,0.0402007,-0.0052000),(0.3093117,0.0402796,-0.0052000),(0.3092528,0.0395071,-0.0052000),(0.3093117,0.0402796,-0.0052000),(0.3093314,0.0403544,-0.0052000),(0.3092528,0.0395071,-0.0052000),(0.3093314,0.0403544,-0.0052000),(0.3093785,0.0404917,-0.0052000),(0.3092528,0.0395071,-0.0052000),(0.3093785,0.0404917,-0.0052000),(0.3094362,0.0406129,-0.0052000),(0.3092528,0.0395071,-0.0052000),(0.3094362,0.0406129,-0.0052000),(0.3095043,0.0407177,-0.0052000),(0.3092528,0.0395071,-0.0052000),(0.3095043,0.0407177,-0.0052000),(0.3095830,0.0408063,-0.0052000),(0.3092528,0.0395071,-0.0052000),(0.3095830,0.0408063,-0.0052000),(0.3096612,0.0408767,-0.0052000),(0.3092528,0.0395071,-0.0052000),(0.3096612,0.0408767,-0.0052000),(0.3097421,0.0409378,-0.0052000),(0.3092528,0.0395071,-0.0052000),(0.3097421,0.0409378,-0.0052000),(0.3098254,0.0409894,-0.0052000),(0.3092528,0.0395071,-0.0052000),(0.3098254,0.0409894,-0.0052000),(0.3099113,0.0410317,-0.0052000),(0.3092528,0.0395071,-0.0052000),(0.3099113,0.0410317,-0.0052000),(0.3099998,0.0410646,-0.0052000),(0.3092528,0.0395071,-0.0052000),(0.3099998,0.0410646,-0.0052000),(0.3100908,0.0410881,-0.0052000),(0.3092528,0.0395071,-0.0052000),(0.3100908,0.0410881,-0.0052000),(0.3101843,0.0411021,-0.0052000),(0.3101843,0.0411021,-0.0052000),(0.3102804,0.0411068,-0.0052000),(0.3103695,0.0411033,-0.0052000),(0.3101843,0.0411021,-0.0052000),(0.3103695,0.0411033,-0.0052000),(0.3104553,0.0410928,-0.0052000),(0.3101843,0.0411021,-0.0052000),(0.3104553,0.0410928,-0.0052000),(0.3105378,0.0410753,-0.0052000),(0.3101843,0.0411021,-0.0052000),(0.3105378,0.0410753,-0.0052000),(0.3106170,0.0410507,-0.0052000),(0.3101843,0.0411021,-0.0052000),(0.3106170,0.0410507,-0.0052000),(0.3106928,0.0410192,-0.0052000),(0.3101843,0.0411021,-0.0052000),(0.3106928,0.0410192,-0.0052000),(0.3107654,0.0409806,-0.0052000),(0.3101843,0.0411021,-0.0052000),(0.3107654,0.0409806,-0.0052000),(0.3108346,0.0409351,-0.0052000),(0.3101843,0.0411021,-0.0052000),(0.3108346,0.0409351,-0.0052000),(0.3109006,0.0408825,-0.0052000),(0.3097891,0.0417818,-0.0052000),(0.3097216,0.0416402,-0.0052000),(0.3096385,0.0415466,-0.0052000),(0.3097891,0.0417818,-0.0052000),(0.3096385,0.0415466,-0.0052000),(0.3095226,0.0414942,-0.0052000),(0.3098835,0.0419016,-0.0052000),(0.3097891,0.0417818,-0.0052000),(0.3095226,0.0414942,-0.0052000),(0.3098835,0.0419016,-0.0052000),(0.3095226,0.0414942,-0.0052000),(0.3094470,0.0415249,-0.0052000),(0.3098835,0.0419016,-0.0052000),(0.3094470,0.0415249,-0.0052000),(0.3093864,0.0415707,-0.0052000),(0.3099767,0.0419794,-0.0052000),(0.3098835,0.0419016,-0.0052000),(0.3093864,0.0415707,-0.0052000),(0.3099767,0.0419794,-0.0052000),(0.3093864,0.0415707,-0.0052000),(0.3093099,0.0417069,-0.0052000),(0.3100754,0.0420350,-0.0052000),(0.3099767,0.0419794,-0.0052000),(0.3093099,0.0417069,-0.0052000),(0.3100754,0.0420350,-0.0052000),(0.3093099,0.0417069,-0.0052000),(0.3093173,0.0417789,-0.0052000),(0.3100754,0.0420350,-0.0052000),(0.3093173,0.0417789,-0.0052000),(0.3093659,0.0418966,-0.0052000),(0.3101794,0.0420683,-0.0052000),(0.3100754,0.0420350,-0.0052000),(0.3093659,0.0418966,-0.0052000),(0.3101794,0.0420683,-0.0052000),(0.3093659,0.0418966,-0.0052000),(0.3094271,0.0420064,-0.0052000),(0.3102889,0.0420794,-0.0052000),(0.3101794,0.0420683,-0.0052000),(0.3094271,0.0420064,-0.0052000),(0.3102889,0.0420794,-0.0052000),(0.3094271,0.0420064,-0.0052000),(0.3095009,0.0421083,-0.0052000),(0.3102889,0.0420794,-0.0052000),(0.3095009,0.0421083,-0.0052000),(0.3095872,0.0422022,-0.0052000),(0.3103835,0.0420677,-0.0052000),(0.3102889,0.0420794,-0.0052000),(0.3095872,0.0422022,-0.0052000),(0.3103835,0.0420677,-0.0052000),(0.3095872,0.0422022,-0.0052000),(0.3096641,0.0422729,-0.0052000),(0.3103835,0.0420677,-0.0052000),(0.3096641,0.0422729,-0.0052000),(0.3097442,0.0423342,-0.0052000),(0.3104841,0.0420326,-0.0052000),(0.3103835,0.0420677,-0.0052000),(0.3097442,0.0423342,-0.0052000),(0.3104841,0.0420326,-0.0052000),(0.3097442,0.0423342,-0.0052000),(0.3098273,0.0423860,-0.0052000),(0.3104841,0.0420326,-0.0052000),(0.3098273,0.0423860,-0.0052000),(0.3099134,0.0424284,-0.0052000),(0.3105909,0.0419741,-0.0052000),(0.3104841,0.0420326,-0.0052000),(0.3099134,0.0424284,-0.0052000),(0.3105909,0.0419741,-0.0052000),(0.3099134,0.0424284,-0.0052000),(0.3100027,0.0424614,-0.0052000),(0.3107037,0.0418921,-0.0052000),(0.3105909,0.0419741,-0.0052000),(0.3100027,0.0424614,-0.0052000),(0.3107037,0.0418921,-0.0052000),(0.3100027,0.0424614,-0.0052000),(0.3100950,0.0424850,-0.0052000),(0.3107037,0.0418921,-0.0052000),(0.3100950,0.0424850,-0.0052000),(0.3101904,0.0424991,-0.0052000),(0.3107899,0.0417941,-0.0052000),(0.3107037,0.0418921,-0.0052000),(0.3101904,0.0424991,-0.0052000),(0.3107899,0.0417941,-0.0052000),(0.3101904,0.0424991,-0.0052000),(0.3102889,0.0425038,-0.0052000),(0.3107899,0.0417941,-0.0052000),(0.3102889,0.0425038,-0.0052000),(0.3103737,0.0424993,-0.0052000),(0.3107899,0.0417941,-0.0052000),(0.3103737,0.0424993,-0.0052000),(0.3104590,0.0424857,-0.0052000),(0.3108514,0.0416662,-0.0052000),(0.3107899,0.0417941,-0.0052000),(0.3104590,0.0424857,-0.0052000),(0.3108514,0.0416662,-0.0052000),(0.3104590,0.0424857,-0.0052000),(0.3105447,0.0424631,-0.0052000),(0.3108514,0.0416662,-0.0052000),(0.3105447,0.0424631,-0.0052000),(0.3106307,0.0424313,-0.0052000),(0.3108514,0.0416662,-0.0052000),(0.3106307,0.0424313,-0.0052000),(0.3107172,0.0423906,-0.0052000),(0.3108729,0.0415910,-0.0052000),(0.3108514,0.0416662,-0.0052000),(0.3107172,0.0423906,-0.0052000),(0.3108729,0.0415910,-0.0052000),(0.3107172,0.0423906,-0.0052000),(0.3108040,0.0423407,-0.0052000),(0.3108883,0.0415083,-0.0052000),(0.3108729,0.0415910,-0.0052000),(0.3108040,0.0423407,-0.0052000),(0.3108975,0.0414182,-0.0052000),(0.3108883,0.0415083,-0.0052000),(0.3108040,0.0423407,-0.0052000),(0.3108975,0.0414182,-0.0052000),(0.3108040,0.0423407,-0.0052000),(0.3108913,0.0422818,-0.0052000),(0.3109006,0.0413206,-0.0052000),(0.3108975,0.0414182,-0.0052000),(0.3108913,0.0422818,-0.0052000),(0.3109006,0.0413206,-0.0052000),(0.3108913,0.0422818,-0.0052000),(0.3109789,0.0422139,-0.0052000),(0.3109006,0.0408825,-0.0052000),(0.3109006,0.0413206,-0.0052000),(0.3109789,0.0422139,-0.0052000),(0.3109006,0.0408825,-0.0052000),(0.3109789,0.0422139,-0.0052000),(0.3110608,0.0421361,-0.0052000),(0.3109006,0.0408825,-0.0052000),(0.3110608,0.0421361,-0.0052000),(0.3111317,0.0420489,-0.0052000),(0.3109006,0.0408825,-0.0052000),(0.3111317,0.0420489,-0.0052000),(0.3111917,0.0419522,-0.0052000),(0.3109006,0.0408825,-0.0052000),(0.3111917,0.0419522,-0.0052000),(0.3112408,0.0418461,-0.0052000),(0.3109006,0.0408825,-0.0052000),(0.3112408,0.0418461,-0.0052000),(0.3112790,0.0417305,-0.0052000),(0.3109006,0.0408825,-0.0052000),(0.3112790,0.0417305,-0.0052000),(0.3113063,0.0416054,-0.0052000),(0.3109006,0.0408825,-0.0052000),(0.3113063,0.0416054,-0.0052000),(0.3113227,0.0414709,-0.0052000),(0.3109006,0.0408825,-0.0052000),(0.3113227,0.0414709,-0.0052000),(0.3113282,0.0413270,-0.0052000),(0.3109006,0.0408825,-0.0052000),(0.3113282,0.0413270,-0.0052000),(0.3113282,0.0400104,-0.0052000),(0.3101843,0.0411021,-0.0052000),(0.3109006,0.0408825,-0.0052000),(0.3113282,0.0400104,-0.0052000),(0.3113282,0.0400104,-0.0052000),(0.3109323,0.0400220,-0.0052000),(0.3109169,0.0401450,-0.0052000),(0.3113282,0.0400104,-0.0052000),(0.3109169,0.0401450,-0.0052000),(0.3108704,0.0402663,-0.0052000),(0.3113282,0.0400104,-0.0052000),(0.3108704,0.0402663,-0.0052000),(0.3107930,0.0403858,-0.0052000),(0.3101843,0.0411021,-0.0052000),(0.3113282,0.0400104,-0.0052000),(0.3107930,0.0403858,-0.0052000),(0.3101843,0.0411021,-0.0052000),(0.3107930,0.0403858,-0.0052000),(0.3106847,0.0405036,-0.0052000),(0.3101843,0.0411021,-0.0052000),(0.3106847,0.0405036,-0.0052000),(0.3105892,0.0405823,-0.0052000),(0.3101843,0.0411021,-0.0052000),(0.3105892,0.0405823,-0.0052000),(0.3104900,0.0406385,-0.0052000),(0.3101843,0.0411021,-0.0052000),(0.3104900,0.0406385,-0.0052000),(0.3103870,0.0406723,-0.0052000),(0.3101843,0.0411021,-0.0052000),(0.3103870,0.0406723,-0.0052000),(0.3102804,0.0406835,-0.0052000),(0.3101843,0.0411021,-0.0052000),(0.3102804,0.0406835,-0.0052000),(0.3101742,0.0406723,-0.0052000),(0.3101843,0.0411021,-0.0052000),(0.3101742,0.0406723,-0.0052000),(0.3100717,0.0406385,-0.0052000),(0.3101843,0.0411021,-0.0052000),(0.3100717,0.0406385,-0.0052000),(0.3099726,0.0405823,-0.0052000),(0.3101843,0.0411021,-0.0052000),(0.3099726,0.0405823,-0.0052000),(0.3098772,0.0405036,-0.0052000),(0.3101843,0.0411021,-0.0052000),(0.3098772,0.0405036,-0.0052000),(0.3097892,0.0403747,-0.0052000),(0.3092528,0.0395071,-0.0052000),(0.3101843,0.0411021,-0.0052000),(0.3097892,0.0403747,-0.0052000),(0.3092528,0.0395071,-0.0052000),(0.3097892,0.0403747,-0.0052000),(0.3097547,0.0402887,-0.0052000),(0.3092528,0.0395071,-0.0052000),(0.3097547,0.0402887,-0.0052000),(0.3097264,0.0401882,-0.0052000),(0.3092528,0.0395071,-0.0052000),(0.3097264,0.0401882,-0.0052000),(0.3097044,0.0400733,-0.0052000),(0.3092528,0.0395071,-0.0052000),(0.3097044,0.0400733,-0.0052000),(0.3096887,0.0399440,-0.0052000),(0.3092528,0.0395071,-0.0052000),(0.3096887,0.0399440,-0.0052000),(0.3096792,0.0398003,-0.0052000),(0.3092528,0.0395071,-0.0052000),(0.3096792,0.0398003,-0.0052000),(0.3096761,0.0396421,-0.0052000),(0.3092528,0.0395071,-0.0052000),(0.3096761,0.0396421,-0.0052000),(0.3096795,0.0395507,-0.0052000),(0.3092528,0.0395071,-0.0052000),(0.3096795,0.0395507,-0.0052000),(0.3096895,0.0394643,-0.0052000),(0.3092528,0.0395071,-0.0052000),(0.3096895,0.0394643,-0.0052000),(0.3097063,0.0393829,-0.0052000),(0.3092528,0.0395071,-0.0052000),(0.3097063,0.0393829,-0.0052000),(0.3097298,0.0393066,-0.0052000),(0.3092528,0.0395071,-0.0052000),(0.3097298,0.0393066,-0.0052000),(0.3097970,0.0391690,-0.0052000),(0.3092528,0.0395071,-0.0052000),(0.3097970,0.0391690,-0.0052000),(0.3098909,0.0390516,-0.0052000),(0.3092528,0.0395071,-0.0052000),(0.3098909,0.0390516,-0.0052000),(0.3099822,0.0389738,-0.0052000),(0.3109314,0.0399308,-0.0052000),(0.3109323,0.0400220,-0.0052000),(0.3113282,0.0400104,-0.0052000),(0.3109286,0.0398437,-0.0052000),(0.3109314,0.0399308,-0.0052000),(0.3113282,0.0400104,-0.0052000),(0.3109175,0.0396817,-0.0052000),(0.3109286,0.0398437,-0.0052000),(0.3113282,0.0400104,-0.0052000),(0.3108989,0.0395361,-0.0052000),(0.3109175,0.0396817,-0.0052000),(0.3113282,0.0400104,-0.0052000),(0.3108728,0.0394069,-0.0052000),(0.3108989,0.0395361,-0.0052000),(0.3113282,0.0400104,-0.0052000),(0.3108393,0.0392940,-0.0052000),(0.3108728,0.0394069,-0.0052000),(0.3113282,0.0400104,-0.0052000),(0.3107984,0.0391975,-0.0052000),(0.3108393,0.0392940,-0.0052000),(0.3113282,0.0400104,-0.0052000),(0.3107500,0.0391174,-0.0052000),(0.3107984,0.0391975,-0.0052000),(0.3113282,0.0400104,-0.0052000),(0.3107500,0.0391174,-0.0052000),(0.3113282,0.0400104,-0.0052000),(0.3113268,0.0398950,-0.0052000),(0.3107500,0.0391174,-0.0052000),(0.3113268,0.0398950,-0.0052000),(0.3113228,0.0397844,-0.0052000),(0.3107500,0.0391174,-0.0052000),(0.3113228,0.0397844,-0.0052000),(0.3113161,0.0396786,-0.0052000),(0.3106942,0.0390537,-0.0052000),(0.3107500,0.0391174,-0.0052000),(0.3113161,0.0396786,-0.0052000),(0.3106942,0.0390537,-0.0052000),(0.3113161,0.0396786,-0.0052000),(0.3113068,0.0395777,-0.0052000),(0.3106942,0.0390537,-0.0052000),(0.3113068,0.0395777,-0.0052000),(0.3112948,0.0394817,-0.0052000),(0.3105976,0.0389750,-0.0052000),(0.3106942,0.0390537,-0.0052000),(0.3112948,0.0394817,-0.0052000),(0.3105976,0.0389750,-0.0052000),(0.3112948,0.0394817,-0.0052000),(0.3112801,0.0393905,-0.0052000),(0.3105976,0.0389750,-0.0052000),(0.3112801,0.0393905,-0.0052000),(0.3112627,0.0393042,-0.0052000),(0.3104971,0.0389187,-0.0052000),(0.3105976,0.0389750,-0.0052000),(0.3112627,0.0393042,-0.0052000),(0.3104971,0.0389187,-0.0052000),(0.3112627,0.0393042,-0.0052000),(0.3112427,0.0392227,-0.0052000),(0.3104971,0.0389187,-0.0052000),(0.3112427,0.0392227,-0.0052000),(0.3112200,0.0391461,-0.0052000),(0.3103928,0.0388850,-0.0052000),(0.3104971,0.0389187,-0.0052000),(0.3112200,0.0391461,-0.0052000),(0.3103928,0.0388850,-0.0052000),(0.3112200,0.0391461,-0.0052000),(0.3111946,0.0390744,-0.0052000),(0.3103928,0.0388850,-0.0052000),(0.3111946,0.0390744,-0.0052000),(0.3111359,0.0389454,-0.0052000),(0.3102846,0.0388738,-0.0052000),(0.3103928,0.0388850,-0.0052000),(0.3111359,0.0389454,-0.0052000),(0.3102846,0.0388738,-0.0052000),(0.3111359,0.0389454,-0.0052000),(0.3110664,0.0388358,-0.0052000),(0.3102846,0.0388738,-0.0052000),(0.3110664,0.0388358,-0.0052000),(0.3109863,0.0387457,-0.0052000),(0.3101791,0.0388849,-0.0052000),(0.3102846,0.0388738,-0.0052000),(0.3109863,0.0387457,-0.0052000),(0.3101791,0.0388849,-0.0052000),(0.3109863,0.0387457,-0.0052000),(0.3109067,0.0386757,-0.0052000),(0.3101791,0.0388849,-0.0052000),(0.3109067,0.0386757,-0.0052000),(0.3108245,0.0386151,-0.0052000),(0.3100783,0.0389182,-0.0052000),(0.3101791,0.0388849,-0.0052000),(0.3108245,0.0386151,-0.0052000),(0.3100783,0.0389182,-0.0052000),(0.3108245,0.0386151,-0.0052000),(0.3107398,0.0385638,-0.0052000),(0.3100783,0.0389182,-0.0052000),(0.3107398,0.0385638,-0.0052000),(0.3106524,0.0385219,-0.0052000),(0.3099822,0.0389738,-0.0052000),(0.3100783,0.0389182,-0.0052000),(0.3106524,0.0385219,-0.0052000),(0.3099822,0.0389738,-0.0052000),(0.3106524,0.0385219,-0.0052000),(0.3105625,0.0384892,-0.0052000),(0.3092528,0.0395071,-0.0052000),(0.3099822,0.0389738,-0.0052000),(0.3105625,0.0384892,-0.0052000),(0.3092528,0.0395071,-0.0052000),(0.3105625,0.0384892,-0.0052000),(0.3104700,0.0384659,-0.0052000),(0.3092528,0.0395071,-0.0052000),(0.3104700,0.0384659,-0.0052000),(0.3103749,0.0384519,-0.0052000),(0.3092528,0.0395071,-0.0052000),(0.3103749,0.0384519,-0.0052000),(0.3102772,0.0384472,-0.0052000),(0.3092528,0.0395071,-0.0052000),(0.3102772,0.0384472,-0.0052000),(0.3101820,0.0384520,-0.0052000),(0.3092528,0.0395071,-0.0052000),(0.3101820,0.0384520,-0.0052000),(0.3100894,0.0384662,-0.0052000),(0.3092528,0.0395071,-0.0052000),(0.3100894,0.0384662,-0.0052000),(0.3099996,0.0384900,-0.0052000),(0.3092528,0.0395071,-0.0052000),(0.3099996,0.0384900,-0.0052000),(0.3099124,0.0385232,-0.0052000),(0.3092528,0.0395071,-0.0052000),(0.3099124,0.0385232,-0.0052000),(0.3098279,0.0385659,-0.0052000),(0.3092528,0.0395071,-0.0052000),(0.3098279,0.0385659,-0.0052000),(0.3097460,0.0386181,-0.0052000),(0.3092528,0.0395071,-0.0052000),(0.3097460,0.0386181,-0.0052000),(0.3096669,0.0386798,-0.0052000),(0.3092528,0.0395071,-0.0052000),(0.3096669,0.0386798,-0.0052000),(0.3095904,0.0387510,-0.0052000),(0.3092528,0.0395071,-0.0052000),(0.3095904,0.0387510,-0.0052000),(0.3095100,0.0388388,-0.0052000),(0.3092528,0.0395071,-0.0052000),(0.3095100,0.0388388,-0.0052000),(0.3094404,0.0389333,-0.0052000),(0.3092528,0.0395071,-0.0052000),(0.3094404,0.0389333,-0.0052000),(0.3093814,0.0390346,-0.0052000),(0.3092528,0.0395071,-0.0052000),(0.3093814,0.0390346,-0.0052000),(0.3093332,0.0391426,-0.0052000),(0.3092528,0.0395071,-0.0052000),(0.3093332,0.0391426,-0.0052000),(0.3092957,0.0392573,-0.0052000),(0.3092528,0.0395071,-0.0052000),(0.3092957,0.0392573,-0.0052000),(0.3092689,0.0393788,-0.0052000),(0.3071509,0.0401162,-0.0052000),(0.3060143,0.0385404,-0.0052000),(0.3059518,0.0384846,-0.0052000),(0.3071509,0.0401162,-0.0052000),(0.3059518,0.0384846,-0.0052000),(0.3058725,0.0384568,-0.0052000),(0.3071509,0.0401162,-0.0052000),(0.3058725,0.0384568,-0.0052000),(0.3058386,0.0384515,-0.0052000),(0.3071509,0.0401162,-0.0052000),(0.3058386,0.0384515,-0.0052000),(0.3057179,0.0384938,-0.0052000),(0.3071509,0.0401162,-0.0052000),(0.3057179,0.0384938,-0.0052000),(0.3056581,0.0385570,-0.0052000),(0.3071509,0.0401162,-0.0052000),(0.3056581,0.0385570,-0.0052000),(0.3056269,0.0386325,-0.0052000),(0.3071509,0.0401162,-0.0052000),(0.3056269,0.0386325,-0.0052000),(0.3056248,0.0386674,-0.0052000),(0.3071509,0.0401162,-0.0052000),(0.3056248,0.0386674,-0.0052000),(0.3056671,0.0387880,-0.0052000),(0.3071509,0.0401162,-0.0052000),(0.3056671,0.0387880,-0.0052000),(0.3068863,0.0404771,-0.0052000),(0.3071509,0.0401162,-0.0052000),(0.3068863,0.0404771,-0.0052000),(0.3056671,0.0421673,-0.0052000),(0.3071509,0.0401162,-0.0052000),(0.3056671,0.0421673,-0.0052000),(0.3056248,0.0422879,-0.0052000),(0.3082876,0.0385404,-0.0052000),(0.3071509,0.0401162,-0.0052000),(0.3056248,0.0422879,-0.0052000),(0.3082876,0.0385404,-0.0052000),(0.3056248,0.0422879,-0.0052000),(0.3056269,0.0423229,-0.0052000),(0.3082876,0.0385404,-0.0052000),(0.3056269,0.0423229,-0.0052000),(0.3056568,0.0424030,-0.0052000),(0.3082876,0.0385404,-0.0052000),(0.3056568,0.0424030,-0.0052000),(0.3057126,0.0424636,-0.0052000),(0.3082876,0.0385404,-0.0052000),(0.3057126,0.0424636,-0.0052000),(0.3058386,0.0425038,-0.0052000),(0.3082876,0.0385404,-0.0052000),(0.3058386,0.0425038,-0.0052000),(0.3058725,0.0425007,-0.0052000),(0.3082876,0.0385404,-0.0052000),(0.3058725,0.0425007,-0.0052000),(0.3059513,0.0424724,-0.0052000),(0.3082876,0.0385404,-0.0052000),(0.3059513,0.0424724,-0.0052000),(0.3060122,0.0424149,-0.0052000),(0.3082876,0.0385404,-0.0052000),(0.3060122,0.0424149,-0.0052000),(0.3071509,0.0408433,-0.0052000),(0.3071509,0.0408433,-0.0052000),(0.3082876,0.0424149,-0.0052000),(0.3083500,0.0424724,-0.0052000),(0.3071509,0.0408433,-0.0052000),(0.3083500,0.0424724,-0.0052000),(0.3084315,0.0425007,-0.0052000),(0.3071509,0.0408433,-0.0052000),(0.3084315,0.0425007,-0.0052000),(0.3084654,0.0425038,-0.0052000),(0.3071509,0.0408433,-0.0052000),(0.3084654,0.0425038,-0.0052000),(0.3085903,0.0424636,-0.0052000),(0.3071509,0.0408433,-0.0052000),(0.3085903,0.0424636,-0.0052000),(0.3086456,0.0424030,-0.0052000),(0.3071509,0.0408433,-0.0052000),(0.3086456,0.0424030,-0.0052000),(0.3086717,0.0423229,-0.0052000),(0.3071509,0.0408433,-0.0052000),(0.3086717,0.0423229,-0.0052000),(0.3086739,0.0422879,-0.0052000),(0.3071509,0.0408433,-0.0052000),(0.3086739,0.0422879,-0.0052000),(0.3086347,0.0421673,-0.0052000),(0.3071509,0.0408433,-0.0052000),(0.3086347,0.0421673,-0.0052000),(0.3074144,0.0404771,-0.0052000),(0.3082876,0.0385404,-0.0052000),(0.3071509,0.0408433,-0.0052000),(0.3074144,0.0404771,-0.0052000),(0.3082876,0.0385404,-0.0052000),(0.3074144,0.0404771,-0.0052000),(0.3086347,0.0387880,-0.0052000),(0.3082876,0.0385404,-0.0052000),(0.3086347,0.0387880,-0.0052000),(0.3086792,0.0386674,-0.0052000),(0.3082876,0.0385404,-0.0052000),(0.3086792,0.0386674,-0.0052000),(0.3086739,0.0386325,-0.0052000),(0.3082876,0.0385404,-0.0052000),(0.3086739,0.0386325,-0.0052000),(0.3086450,0.0385570,-0.0052000),(0.3082876,0.0385404,-0.0052000),(0.3086450,0.0385570,-0.0052000),(0.3085860,0.0384938,-0.0052000),(0.3082876,0.0385404,-0.0052000),(0.3085860,0.0384938,-0.0052000),(0.3084654,0.0384515,-0.0052000),(0.3082876,0.0385404,-0.0052000),(0.3084654,0.0384515,-0.0052000),(0.3084315,0.0384568,-0.0052000),(0.3082876,0.0385404,-0.0052000),(0.3084315,0.0384568,-0.0052000),(0.3083500,0.0384846,-0.0052000),(0.3151008,0.0380038,-0.0052000),(0.3150313,0.0380673,-0.0052000),(0.3149680,0.0381368,-0.0052000),(0.3151008,0.0380038,-0.0052000),(0.3149680,0.0381368,-0.0052000),(0.3149132,0.0382098,-0.0052000),(0.3151008,0.0380038,-0.0052000),(0.3149132,0.0382098,-0.0052000),(0.3148668,0.0382863,-0.0052000),(0.3151008,0.0380038,-0.0052000),(0.3148668,0.0382863,-0.0052000),(0.3148289,0.0383663,-0.0052000),(0.3151008,0.0380038,-0.0052000),(0.3148289,0.0383663,-0.0052000),(0.3147993,0.0384498,-0.0052000),(0.3151008,0.0380038,-0.0052000),(0.3147993,0.0384498,-0.0052000),(0.3147783,0.0385368,-0.0052000),(0.3151008,0.0380038,-0.0052000),(0.3147783,0.0385368,-0.0052000),(0.3147656,0.0386273,-0.0052000),(0.3151008,0.0380038,-0.0052000),(0.3147656,0.0386273,-0.0052000),(0.3147614,0.0387214,-0.0052000),(0.3151008,0.0380038,-0.0052000),(0.3147614,0.0387214,-0.0052000),(0.3147656,0.0388154,-0.0052000),(0.3151008,0.0380038,-0.0052000),(0.3147656,0.0388154,-0.0052000),(0.3147783,0.0389059,-0.0052000),(0.3151008,0.0380038,-0.0052000),(0.3147783,0.0389059,-0.0052000),(0.3147993,0.0389929,-0.0052000),(0.3151008,0.0380038,-0.0052000),(0.3147993,0.0389929,-0.0052000),(0.3148289,0.0390764,-0.0052000),(0.3151008,0.0380038,-0.0052000),(0.3148289,0.0390764,-0.0052000),(0.3148668,0.0391564,-0.0052000),(0.3151008,0.0380038,-0.0052000),(0.3148668,0.0391564,-0.0052000),(0.3149132,0.0392329,-0.0052000),(0.3151008,0.0380038,-0.0052000),(0.3149132,0.0392329,-0.0052000),(0.3149680,0.0393059,-0.0052000),(0.3151008,0.0380038,-0.0052000),(0.3149680,0.0393059,-0.0052000),(0.3150313,0.0393754,-0.0052000),(0.3150313,0.0393754,-0.0052000),(0.3153371,0.0390706,-0.0052000),(0.3152746,0.0389949,-0.0052000),(0.3150313,0.0393754,-0.0052000),(0.3152746,0.0389949,-0.0052000),(0.3152300,0.0389116,-0.0052000),(0.3150313,0.0393754,-0.0052000),(0.3152300,0.0389116,-0.0052000),(0.3152032,0.0388208,-0.0052000),(0.3151008,0.0380038,-0.0052000),(0.3150313,0.0393754,-0.0052000),(0.3152032,0.0388208,-0.0052000),(0.3151008,0.0380038,-0.0052000),(0.3152032,0.0388208,-0.0052000),(0.3151943,0.0387224,-0.0052000),(0.3151008,0.0380038,-0.0052000),(0.3151943,0.0387224,-0.0052000),(0.3152032,0.0386236,-0.0052000),(0.3151008,0.0380038,-0.0052000),(0.3152032,0.0386236,-0.0052000),(0.3152300,0.0385324,-0.0052000),(0.3151008,0.0380038,-0.0052000),(0.3152300,0.0385324,-0.0052000),(0.3152746,0.0384490,-0.0052000),(0.3151008,0.0380038,-0.0052000),(0.3152746,0.0384490,-0.0052000),(0.3153371,0.0383732,-0.0052000),(0.3151008,0.0380038,-0.0052000),(0.3153371,0.0383732,-0.0052000),(0.3154129,0.0383102,-0.0052000),(0.3151008,0.0380038,-0.0052000),(0.3154129,0.0383102,-0.0052000),(0.3154961,0.0382652,-0.0052000),(0.3151008,0.0380038,-0.0052000),(0.3154961,0.0382652,-0.0052000),(0.3155870,0.0382382,-0.0052000),(0.3151008,0.0380038,-0.0052000),(0.3155870,0.0382382,-0.0052000),(0.3156853,0.0382292,-0.0052000),(0.3151008,0.0380038,-0.0052000),(0.3156853,0.0382292,-0.0052000),(0.3157841,0.0382382,-0.0052000),(0.3151008,0.0380038,-0.0052000),(0.3157841,0.0382382,-0.0052000),(0.3158750,0.0382652,-0.0052000),(0.3154129,0.0391331,-0.0052000),(0.3153371,0.0390706,-0.0052000),(0.3150313,0.0393754,-0.0052000),(0.3154961,0.0391778,-0.0052000),(0.3154129,0.0391331,-0.0052000),(0.3150313,0.0393754,-0.0052000),(0.3155870,0.0392045,-0.0052000),(0.3154961,0.0391778,-0.0052000),(0.3150313,0.0393754,-0.0052000),(0.3156853,0.0392135,-0.0052000),(0.3155870,0.0392045,-0.0052000),(0.3150313,0.0393754,-0.0052000),(0.3157841,0.0392045,-0.0052000),(0.3156853,0.0392135,-0.0052000),(0.3150313,0.0393754,-0.0052000),(0.3157841,0.0392045,-0.0052000),(0.3150313,0.0393754,-0.0052000),(0.3151008,0.0394389,-0.0052000),(0.3158750,0.0391778,-0.0052000),(0.3157841,0.0392045,-0.0052000),(0.3151008,0.0394389,-0.0052000),(0.3158750,0.0391778,-0.0052000),(0.3151008,0.0394389,-0.0052000),(0.3151737,0.0394939,-0.0052000),(0.3158750,0.0391778,-0.0052000),(0.3151737,0.0394939,-0.0052000),(0.3152502,0.0395405,-0.0052000),(0.3159582,0.0391331,-0.0052000),(0.3158750,0.0391778,-0.0052000),(0.3152502,0.0395405,-0.0052000),(0.3159582,0.0391331,-0.0052000),(0.3152502,0.0395405,-0.0052000),(0.3153302,0.0395786,-0.0052000),(0.3159582,0.0391331,-0.0052000),(0.3153302,0.0395786,-0.0052000),(0.3154138,0.0396082,-0.0052000),(0.3160335,0.0390706,-0.0052000),(0.3159582,0.0391331,-0.0052000),(0.3154138,0.0396082,-0.0052000),(0.3160335,0.0390706,-0.0052000),(0.3154138,0.0396082,-0.0052000),(0.3155008,0.0396294,-0.0052000),(0.3160335,0.0390706,-0.0052000),(0.3155008,0.0396294,-0.0052000),(0.3155913,0.0396421,-0.0052000),(0.3160965,0.0389949,-0.0052000),(0.3160335,0.0390706,-0.0052000),(0.3155913,0.0396421,-0.0052000),(0.3160965,0.0389949,-0.0052000),(0.3155913,0.0396421,-0.0052000),(0.3156853,0.0396463,-0.0052000),(0.3160965,0.0389949,-0.0052000),(0.3156853,0.0396463,-0.0052000),(0.3157796,0.0396421,-0.0052000),(0.3161415,0.0389116,-0.0052000),(0.3160965,0.0389949,-0.0052000),(0.3157796,0.0396421,-0.0052000),(0.3161415,0.0389116,-0.0052000),(0.3157796,0.0396421,-0.0052000),(0.3158703,0.0396294,-0.0052000),(0.3161415,0.0389116,-0.0052000),(0.3158703,0.0396294,-0.0052000),(0.3159574,0.0396082,-0.0052000),(0.3161684,0.0388208,-0.0052000),(0.3161415,0.0389116,-0.0052000),(0.3159574,0.0396082,-0.0052000),(0.3161684,0.0388208,-0.0052000),(0.3159574,0.0396082,-0.0052000),(0.3160409,0.0395786,-0.0052000),(0.3161684,0.0388208,-0.0052000),(0.3160409,0.0395786,-0.0052000),(0.3161209,0.0395405,-0.0052000),(0.3161774,0.0387224,-0.0052000),(0.3161684,0.0388208,-0.0052000),(0.3161209,0.0395405,-0.0052000),(0.3161774,0.0387224,-0.0052000),(0.3161209,0.0395405,-0.0052000),(0.3161973,0.0394939,-0.0052000),(0.3161774,0.0387224,-0.0052000),(0.3161973,0.0394939,-0.0052000),(0.3162701,0.0394389,-0.0052000),(0.3161684,0.0386236,-0.0052000),(0.3161774,0.0387224,-0.0052000),(0.3162701,0.0394389,-0.0052000),(0.3161684,0.0386236,-0.0052000),(0.3162701,0.0394389,-0.0052000),(0.3163394,0.0393754,-0.0052000),(0.3161684,0.0386236,-0.0052000),(0.3163394,0.0393754,-0.0052000),(0.3164029,0.0393059,-0.0052000),(0.3161415,0.0385324,-0.0052000),(0.3161684,0.0386236,-0.0052000),(0.3164029,0.0393059,-0.0052000),(0.3161415,0.0385324,-0.0052000),(0.3164029,0.0393059,-0.0052000),(0.3164579,0.0392329,-0.0052000),(0.3161415,0.0385324,-0.0052000),(0.3164579,0.0392329,-0.0052000),(0.3165045,0.0391564,-0.0052000),(0.3160965,0.0384490,-0.0052000),(0.3161415,0.0385324,-0.0052000),(0.3165045,0.0391564,-0.0052000),(0.3160965,0.0384490,-0.0052000),(0.3165045,0.0391564,-0.0052000),(0.3165426,0.0390764,-0.0052000),(0.3160965,0.0384490,-0.0052000),(0.3165426,0.0390764,-0.0052000),(0.3165722,0.0389929,-0.0052000),(0.3160335,0.0383732,-0.0052000),(0.3160965,0.0384490,-0.0052000),(0.3165722,0.0389929,-0.0052000),(0.3160335,0.0383732,-0.0052000),(0.3165722,0.0389929,-0.0052000),(0.3165934,0.0389059,-0.0052000),(0.3160335,0.0383732,-0.0052000),(0.3165934,0.0389059,-0.0052000),(0.3166061,0.0388154,-0.0052000),(0.3159582,0.0383102,-0.0052000),(0.3160335,0.0383732,-0.0052000),(0.3166061,0.0388154,-0.0052000),(0.3159582,0.0383102,-0.0052000),(0.3166061,0.0388154,-0.0052000),(0.3166103,0.0387214,-0.0052000),(0.3159582,0.0383102,-0.0052000),(0.3166103,0.0387214,-0.0052000),(0.3166061,0.0386273,-0.0052000),(0.3158750,0.0382652,-0.0052000),(0.3159582,0.0383102,-0.0052000),(0.3166061,0.0386273,-0.0052000),(0.3158750,0.0382652,-0.0052000),(0.3166061,0.0386273,-0.0052000),(0.3165934,0.0385368,-0.0052000),(0.3158750,0.0382652,-0.0052000),(0.3165934,0.0385368,-0.0052000),(0.3165722,0.0384498,-0.0052000),(0.3151008,0.0380038,-0.0052000),(0.3158750,0.0382652,-0.0052000),(0.3165722,0.0384498,-0.0052000),(0.3151008,0.0380038,-0.0052000),(0.3165722,0.0384498,-0.0052000),(0.3165426,0.0383663,-0.0052000),(0.3151008,0.0380038,-0.0052000),(0.3165426,0.0383663,-0.0052000),(0.3165045,0.0382863,-0.0052000),(0.3151008,0.0380038,-0.0052000),(0.3165045,0.0382863,-0.0052000),(0.3164579,0.0382098,-0.0052000),(0.3151008,0.0380038,-0.0052000),(0.3164579,0.0382098,-0.0052000),(0.3164029,0.0381368,-0.0052000),(0.3151008,0.0380038,-0.0052000),(0.3164029,0.0381368,-0.0052000),(0.3163394,0.0380673,-0.0052000),(0.3151008,0.0380038,-0.0052000),(0.3163394,0.0380673,-0.0052000),(0.3162701,0.0380038,-0.0052000),(0.3151008,0.0380038,-0.0052000),(0.3162701,0.0380038,-0.0052000),(0.3161973,0.0379488,-0.0052000),(0.3151008,0.0380038,-0.0052000),(0.3161973,0.0379488,-0.0052000),(0.3161209,0.0379022,-0.0052000),(0.3151008,0.0380038,-0.0052000),(0.3161209,0.0379022,-0.0052000),(0.3160409,0.0378641,-0.0052000),(0.3151008,0.0380038,-0.0052000),(0.3160409,0.0378641,-0.0052000),(0.3159574,0.0378345,-0.0052000),(0.3151008,0.0380038,-0.0052000),(0.3159574,0.0378345,-0.0052000),(0.3158703,0.0378133,-0.0052000),(0.3151008,0.0380038,-0.0052000),(0.3158703,0.0378133,-0.0052000),(0.3157796,0.0378006,-0.0052000),(0.3151008,0.0380038,-0.0052000),(0.3157796,0.0378006,-0.0052000),(0.3156853,0.0377964,-0.0052000),(0.3151008,0.0380038,-0.0052000),(0.3156853,0.0377964,-0.0052000),(0.3155913,0.0378006,-0.0052000),(0.3151008,0.0380038,-0.0052000),(0.3155913,0.0378006,-0.0052000),(0.3155008,0.0378133,-0.0052000),(0.3151008,0.0380038,-0.0052000),(0.3155008,0.0378133,-0.0052000),(0.3154138,0.0378345,-0.0052000),(0.3151008,0.0380038,-0.0052000),(0.3154138,0.0378345,-0.0052000),(0.3153302,0.0378641,-0.0052000),(0.3151008,0.0380038,-0.0052000),(0.3153302,0.0378641,-0.0052000),(0.3152502,0.0379022,-0.0052000),(0.3151008,0.0380038,-0.0052000),(0.3152502,0.0379022,-0.0052000),(0.3151737,0.0379488,-0.0052000),(0.2880944,0.0353295,-0.0052000),(0.2881914,0.0353702,-0.0052000),(0.2882895,0.0354054,-0.0052000),(0.2880944,0.0353295,-0.0052000),(0.2882895,0.0354054,-0.0052000),(0.2883884,0.0354353,-0.0052000),(0.2880944,0.0353295,-0.0052000),(0.2883884,0.0354353,-0.0052000),(0.2884884,0.0354597,-0.0052000),(0.2880944,0.0353295,-0.0052000),(0.2884884,0.0354597,-0.0052000),(0.2885892,0.0354787,-0.0052000),(0.2880944,0.0353295,-0.0052000),(0.2885892,0.0354787,-0.0052000),(0.2886911,0.0354922,-0.0052000),(0.2880944,0.0353295,-0.0052000),(0.2886911,0.0354922,-0.0052000),(0.2887939,0.0355003,-0.0052000),(0.2880944,0.0353295,-0.0052000),(0.2887939,0.0355003,-0.0052000),(0.2888977,0.0355031,-0.0052000),(0.2880944,0.0353295,-0.0052000),(0.2888977,0.0355031,-0.0052000),(0.2890334,0.0354987,-0.0052000),(0.2880944,0.0353295,-0.0052000),(0.2890334,0.0354987,-0.0052000),(0.2891667,0.0354858,-0.0052000),(0.2880944,0.0353295,-0.0052000),(0.2891667,0.0354858,-0.0052000),(0.2892974,0.0354642,-0.0052000),(0.2880944,0.0353295,-0.0052000),(0.2892974,0.0354642,-0.0052000),(0.2894255,0.0354340,-0.0052000),(0.2880944,0.0353295,-0.0052000),(0.2894255,0.0354340,-0.0052000),(0.2895511,0.0353952,-0.0052000),(0.2880944,0.0353295,-0.0052000),(0.2895511,0.0353952,-0.0052000),(0.2896741,0.0353477,-0.0052000),(0.2880944,0.0353295,-0.0052000),(0.2896741,0.0353477,-0.0052000),(0.2897946,0.0352916,-0.0052000),(0.2880944,0.0353295,-0.0052000),(0.2897946,0.0352916,-0.0052000),(0.2899126,0.0352268,-0.0052000),(0.2880944,0.0353295,-0.0052000),(0.2899126,0.0352268,-0.0052000),(0.2900262,0.0351544,-0.0052000),(0.2880944,0.0353295,-0.0052000),(0.2900262,0.0351544,-0.0052000),(0.2901335,0.0350759,-0.0052000),(0.2880944,0.0353295,-0.0052000),(0.2901335,0.0350759,-0.0052000),(0.2902347,0.0349912,-0.0052000),(0.2880944,0.0353295,-0.0052000),(0.2902347,0.0349912,-0.0052000),(0.2903296,0.0349003,-0.0052000),(0.2880944,0.0353295,-0.0052000),(0.2903296,0.0349003,-0.0052000),(0.2904183,0.0348033,-0.0052000),(0.2904183,0.0348033,-0.0052000),(0.2905008,0.0347002,-0.0052000),(0.2905770,0.0345909,-0.0052000),(0.2904183,0.0348033,-0.0052000),(0.2905770,0.0345909,-0.0052000),(0.2906471,0.0344754,-0.0052000),(0.2904183,0.0348033,-0.0052000),(0.2906471,0.0344754,-0.0052000),(0.2907101,0.0343556,-0.0052000),(0.2904183,0.0348033,-0.0052000),(0.2907101,0.0343556,-0.0052000),(0.2907647,0.0342334,-0.0052000),(0.2904183,0.0348033,-0.0052000),(0.2907647,0.0342334,-0.0052000),(0.2908109,0.0341087,-0.0052000),(0.2904183,0.0348033,-0.0052000),(0.2908109,0.0341087,-0.0052000),(0.2908487,0.0339814,-0.0052000),(0.2904183,0.0348033,-0.0052000),(0.2908487,0.0339814,-0.0052000),(0.2908781,0.0338517,-0.0052000),(0.2904183,0.0348033,-0.0052000),(0.2908781,0.0338517,-0.0052000),(0.2908991,0.0337196,-0.0052000),(0.2904183,0.0348033,-0.0052000),(0.2908991,0.0337196,-0.0052000),(0.2909117,0.0335849,-0.0052000),(0.2904183,0.0348033,-0.0052000),(0.2909117,0.0335849,-0.0052000),(0.2909159,0.0334478,-0.0052000),(0.2904183,0.0348033,-0.0052000),(0.2909159,0.0334478,-0.0052000),(0.2909117,0.0333161,-0.0052000),(0.2904183,0.0348033,-0.0052000),(0.2909117,0.0333161,-0.0052000),(0.2908991,0.0331853,-0.0052000),(0.2904183,0.0348033,-0.0052000),(0.2908991,0.0331853,-0.0052000),(0.2908781,0.0330553,-0.0052000),(0.2904183,0.0348033,-0.0052000),(0.2908781,0.0330553,-0.0052000),(0.2908487,0.0329260,-0.0052000),(0.2904183,0.0348033,-0.0052000),(0.2908487,0.0329260,-0.0052000),(0.2908109,0.0327976,-0.0052000),(0.2904183,0.0348033,-0.0052000),(0.2908109,0.0327976,-0.0052000),(0.2907647,0.0326699,-0.0052000),(0.2907647,0.0326699,-0.0052000),(0.2903729,0.0328114,-0.0052000),(0.2904095,0.0329093,-0.0052000),(0.2907647,0.0326699,-0.0052000),(0.2904095,0.0329093,-0.0052000),(0.2904394,0.0330104,-0.0052000),(0.2907647,0.0326699,-0.0052000),(0.2904394,0.0330104,-0.0052000),(0.2904627,0.0331148,-0.0052000),(0.2907647,0.0326699,-0.0052000),(0.2904627,0.0331148,-0.0052000),(0.2904793,0.0332226,-0.0052000),(0.2907647,0.0326699,-0.0052000),(0.2904793,0.0332226,-0.0052000),(0.2904892,0.0333335,-0.0052000),(0.2907647,0.0326699,-0.0052000),(0.2904892,0.0333335,-0.0052000),(0.2904926,0.0334478,-0.0052000),(0.2907647,0.0326699,-0.0052000),(0.2904926,0.0334478,-0.0052000),(0.2904892,0.0335578,-0.0052000),(0.2904183,0.0348033,-0.0052000),(0.2907647,0.0326699,-0.0052000),(0.2904892,0.0335578,-0.0052000),(0.2904183,0.0348033,-0.0052000),(0.2904892,0.0335578,-0.0052000),(0.2904791,0.0336657,-0.0052000),(0.2904183,0.0348033,-0.0052000),(0.2904791,0.0336657,-0.0052000),(0.2904624,0.0337713,-0.0052000),(0.2904183,0.0348033,-0.0052000),(0.2904624,0.0337713,-0.0052000),(0.2904389,0.0338748,-0.0052000),(0.2904183,0.0348033,-0.0052000),(0.2904389,0.0338748,-0.0052000),(0.2904086,0.0339761,-0.0052000),(0.2904183,0.0348033,-0.0052000),(0.2904086,0.0339761,-0.0052000),(0.2903717,0.0340752,-0.0052000),(0.2904183,0.0348033,-0.0052000),(0.2903717,0.0340752,-0.0052000),(0.2903281,0.0341722,-0.0052000),(0.2904183,0.0348033,-0.0052000),(0.2903281,0.0341722,-0.0052000),(0.2902777,0.0342669,-0.0052000),(0.2904183,0.0348033,-0.0052000),(0.2902777,0.0342669,-0.0052000),(0.2902219,0.0343581,-0.0052000),(0.2904183,0.0348033,-0.0052000),(0.2902219,0.0343581,-0.0052000),(0.2901612,0.0344445,-0.0052000),(0.2904183,0.0348033,-0.0052000),(0.2901612,0.0344445,-0.0052000),(0.2900958,0.0345259,-0.0052000),(0.2904183,0.0348033,-0.0052000),(0.2900958,0.0345259,-0.0052000),(0.2900256,0.0346024,-0.0052000),(0.2904183,0.0348033,-0.0052000),(0.2900256,0.0346024,-0.0052000),(0.2899506,0.0346741,-0.0052000),(0.2904183,0.0348033,-0.0052000),(0.2899506,0.0346741,-0.0052000),(0.2898707,0.0347408,-0.0052000),(0.2904183,0.0348033,-0.0052000),(0.2898707,0.0347408,-0.0052000),(0.2897861,0.0348026,-0.0052000),(0.2904183,0.0348033,-0.0052000),(0.2897861,0.0348026,-0.0052000),(0.2896967,0.0348596,-0.0052000),(0.2904183,0.0348033,-0.0052000),(0.2896967,0.0348596,-0.0052000),(0.2896041,0.0349107,-0.0052000),(0.2904183,0.0348033,-0.0052000),(0.2896041,0.0349107,-0.0052000),(0.2895094,0.0349550,-0.0052000),(0.2904183,0.0348033,-0.0052000),(0.2895094,0.0349550,-0.0052000),(0.2894127,0.0349924,-0.0052000),(0.2904183,0.0348033,-0.0052000),(0.2894127,0.0349924,-0.0052000),(0.2893139,0.0350231,-0.0052000),(0.2880944,0.0353295,-0.0052000),(0.2904183,0.0348033,-0.0052000),(0.2893139,0.0350231,-0.0052000),(0.2880944,0.0353295,-0.0052000),(0.2893139,0.0350231,-0.0052000),(0.2892129,0.0350470,-0.0052000),(0.2880944,0.0353295,-0.0052000),(0.2892129,0.0350470,-0.0052000),(0.2891099,0.0350640,-0.0052000),(0.2880944,0.0353295,-0.0052000),(0.2891099,0.0350640,-0.0052000),(0.2890048,0.0350742,-0.0052000),(0.2880944,0.0353295,-0.0052000),(0.2890048,0.0350742,-0.0052000),(0.2888977,0.0350776,-0.0052000),(0.2880944,0.0353295,-0.0052000),(0.2888977,0.0350776,-0.0052000),(0.2887441,0.0350705,-0.0052000),(0.2880944,0.0353295,-0.0052000),(0.2887441,0.0350705,-0.0052000),(0.2885944,0.0350493,-0.0052000),(0.2880944,0.0353295,-0.0052000),(0.2885944,0.0350493,-0.0052000),(0.2884488,0.0350139,-0.0052000),(0.2880944,0.0353295,-0.0052000),(0.2884488,0.0350139,-0.0052000),(0.2883071,0.0349644,-0.0052000),(0.2880944,0.0353295,-0.0052000),(0.2883071,0.0349644,-0.0052000),(0.2899041,0.0321810,-0.0052000),(0.2875335,0.0363042,-0.0052000),(0.2880944,0.0353295,-0.0052000),(0.2899041,0.0321810,-0.0052000),(0.2903297,0.0327168,-0.0052000),(0.2903729,0.0328114,-0.0052000),(0.2907647,0.0326699,-0.0052000),(0.2902798,0.0326255,-0.0052000),(0.2903297,0.0327168,-0.0052000),(0.2907647,0.0326699,-0.0052000),(0.2902119,0.0325215,-0.0052000),(0.2902798,0.0326255,-0.0052000),(0.2907647,0.0326699,-0.0052000),(0.2901267,0.0324127,-0.0052000),(0.2902119,0.0325215,-0.0052000),(0.2907647,0.0326699,-0.0052000),(0.2900775,0.0323566,-0.0052000),(0.2901267,0.0324127,-0.0052000),(0.2907647,0.0326699,-0.0052000),(0.2900241,0.0322992,-0.0052000),(0.2900775,0.0323566,-0.0052000),(0.2907647,0.0326699,-0.0052000),(0.2899663,0.0322407,-0.0052000),(0.2900241,0.0322992,-0.0052000),(0.2907647,0.0326699,-0.0052000),(0.2899041,0.0321810,-0.0052000),(0.2899663,0.0322407,-0.0052000),(0.2907647,0.0326699,-0.0052000),(0.2899041,0.0321810,-0.0052000),(0.2907647,0.0326699,-0.0052000),(0.2907101,0.0325430,-0.0052000),(0.2899041,0.0321810,-0.0052000),(0.2907101,0.0325430,-0.0052000),(0.2906471,0.0324170,-0.0052000),(0.2899041,0.0321810,-0.0052000),(0.2906471,0.0324170,-0.0052000),(0.2905969,0.0323302,-0.0052000),(0.2899041,0.0321810,-0.0052000),(0.2905969,0.0323302,-0.0052000),(0.2905421,0.0322468,-0.0052000),(0.2899041,0.0321810,-0.0052000),(0.2905421,0.0322468,-0.0052000),(0.2904827,0.0321667,-0.0052000),(0.2899041,0.0321810,-0.0052000),(0.2904827,0.0321667,-0.0052000),(0.2904188,0.0320899,-0.0052000),(0.2899041,0.0321810,-0.0052000),(0.2904188,0.0320899,-0.0052000),(0.2903502,0.0320164,-0.0052000),(0.2899041,0.0321810,-0.0052000),(0.2903502,0.0320164,-0.0052000),(0.2902770,0.0319463,-0.0052000),(0.2899041,0.0321810,-0.0052000),(0.2902770,0.0319463,-0.0052000),(0.2901992,0.0318794,-0.0052000),(0.2899041,0.0321810,-0.0052000),(0.2901992,0.0318794,-0.0052000),(0.2901169,0.0318158,-0.0052000),(0.2899041,0.0321810,-0.0052000),(0.2901169,0.0318158,-0.0052000),(0.2906587,0.0308633,-0.0052000),(0.2875335,0.0363042,-0.0052000),(0.2899041,0.0321810,-0.0052000),(0.2906587,0.0308633,-0.0052000),(0.2875335,0.0363042,-0.0052000),(0.2906587,0.0308633,-0.0052000),(0.2906873,0.0307596,-0.0052000),(0.2875335,0.0363042,-0.0052000),(0.2906873,0.0307596,-0.0052000),(0.2906799,0.0306993,-0.0052000),(0.2875335,0.0363042,-0.0052000),(0.2906799,0.0306993,-0.0052000),(0.2906413,0.0306241,-0.0052000),(0.2875335,0.0363042,-0.0052000),(0.2906413,0.0306241,-0.0052000),(0.2905762,0.0305702,-0.0052000),(0.2875335,0.0363042,-0.0052000),(0.2905762,0.0305702,-0.0052000),(0.2904735,0.0305395,-0.0052000),(0.2875335,0.0363042,-0.0052000),(0.2904735,0.0305395,-0.0052000),(0.2904132,0.0305469,-0.0052000),(0.2875335,0.0363042,-0.0052000),(0.2904132,0.0305469,-0.0052000),(0.2903375,0.0305855,-0.0052000),(0.2875335,0.0363042,-0.0052000),(0.2903375,0.0305855,-0.0052000),(0.2902820,0.0306506,-0.0052000),(0.2875335,0.0363042,-0.0052000),(0.2902820,0.0306506,-0.0052000),(0.2897464,0.0315788,-0.0052000),(0.2897464,0.0315788,-0.0052000),(0.2896458,0.0315344,-0.0052000),(0.2895419,0.0314959,-0.0052000),(0.2897464,0.0315788,-0.0052000),(0.2895419,0.0314959,-0.0052000),(0.2894347,0.0314633,-0.0052000),(0.2897464,0.0315788,-0.0052000),(0.2894347,0.0314633,-0.0052000),(0.2893242,0.0314367,-0.0052000),(0.2897464,0.0315788,-0.0052000),(0.2893242,0.0314367,-0.0052000),(0.2892103,0.0314160,-0.0052000),(0.2897464,0.0315788,-0.0052000),(0.2892103,0.0314160,-0.0052000),(0.2890932,0.0314012,-0.0052000),(0.2897464,0.0315788,-0.0052000),(0.2890932,0.0314012,-0.0052000),(0.2889727,0.0313923,-0.0052000),(0.2897464,0.0315788,-0.0052000),(0.2889727,0.0313923,-0.0052000),(0.2888490,0.0313893,-0.0052000),(0.2897464,0.0315788,-0.0052000),(0.2888490,0.0313893,-0.0052000),(0.2887244,0.0313937,-0.0052000),(0.2897464,0.0315788,-0.0052000),(0.2887244,0.0313937,-0.0052000),(0.2886009,0.0314067,-0.0052000),(0.2897464,0.0315788,-0.0052000),(0.2886009,0.0314067,-0.0052000),(0.2884784,0.0314283,-0.0052000),(0.2897464,0.0315788,-0.0052000),(0.2884784,0.0314283,-0.0052000),(0.2883571,0.0314586,-0.0052000),(0.2897464,0.0315788,-0.0052000),(0.2883571,0.0314586,-0.0052000),(0.2882369,0.0314976,-0.0052000),(0.2897464,0.0315788,-0.0052000),(0.2882369,0.0314976,-0.0052000),(0.2881177,0.0315453,-0.0052000),(0.2897464,0.0315788,-0.0052000),(0.2881177,0.0315453,-0.0052000),(0.2879997,0.0316016,-0.0052000),(0.2897464,0.0315788,-0.0052000),(0.2879997,0.0316016,-0.0052000),(0.2878827,0.0316666,-0.0052000),(0.2897464,0.0315788,-0.0052000),(0.2878827,0.0316666,-0.0052000),(0.2877696,0.0317388,-0.0052000),(0.2897464,0.0315788,-0.0052000),(0.2877696,0.0317388,-0.0052000),(0.2876626,0.0318172,-0.0052000),(0.2897464,0.0315788,-0.0052000),(0.2876626,0.0318172,-0.0052000),(0.2875616,0.0319018,-0.0052000),(0.2897464,0.0315788,-0.0052000),(0.2875616,0.0319018,-0.0052000),(0.2874668,0.0319926,-0.0052000),(0.2897464,0.0315788,-0.0052000),(0.2874668,0.0319926,-0.0052000),(0.2873780,0.0320896,-0.0052000),(0.2873780,0.0320896,-0.0052000),(0.2872953,0.0321929,-0.0052000),(0.2872187,0.0323023,-0.0052000),(0.2873780,0.0320896,-0.0052000),(0.2872187,0.0323023,-0.0052000),(0.2871482,0.0324180,-0.0052000),(0.2873780,0.0320896,-0.0052000),(0.2871482,0.0324180,-0.0052000),(0.2870850,0.0325378,-0.0052000),(0.2873780,0.0320896,-0.0052000),(0.2870850,0.0325378,-0.0052000),(0.2870302,0.0326602,-0.0052000),(0.2873780,0.0320896,-0.0052000),(0.2870302,0.0326602,-0.0052000),(0.2869838,0.0327851,-0.0052000),(0.2873780,0.0320896,-0.0052000),(0.2869838,0.0327851,-0.0052000),(0.2869458,0.0329125,-0.0052000),(0.2873780,0.0320896,-0.0052000),(0.2869458,0.0329125,-0.0052000),(0.2869163,0.0330425,-0.0052000),(0.2873780,0.0320896,-0.0052000),(0.2869163,0.0330425,-0.0052000),(0.2868952,0.0331751,-0.0052000),(0.2873780,0.0320896,-0.0052000),(0.2868952,0.0331751,-0.0052000),(0.2868826,0.0333101,-0.0052000),(0.2873780,0.0320896,-0.0052000),(0.2868826,0.0333101,-0.0052000),(0.2868784,0.0334478,-0.0052000),(0.2873780,0.0320896,-0.0052000),(0.2868784,0.0334478,-0.0052000),(0.2868826,0.0335858,-0.0052000),(0.2873780,0.0320896,-0.0052000),(0.2868826,0.0335858,-0.0052000),(0.2868952,0.0337212,-0.0052000),(0.2873780,0.0320896,-0.0052000),(0.2868952,0.0337212,-0.0052000),(0.2869162,0.0338537,-0.0052000),(0.2873780,0.0320896,-0.0052000),(0.2869162,0.0338537,-0.0052000),(0.2869456,0.0339836,-0.0052000),(0.2873780,0.0320896,-0.0052000),(0.2869456,0.0339836,-0.0052000),(0.2869834,0.0341106,-0.0052000),(0.2873780,0.0320896,-0.0052000),(0.2869834,0.0341106,-0.0052000),(0.2870296,0.0342350,-0.0052000),(0.2873780,0.0320896,-0.0052000),(0.2870296,0.0342350,-0.0052000),(0.2870842,0.0343566,-0.0052000),(0.2873780,0.0320896,-0.0052000),(0.2870842,0.0343566,-0.0052000),(0.2871472,0.0344754,-0.0052000),(0.2871472,0.0344754,-0.0052000),(0.2875155,0.0342669,-0.0052000),(0.2874661,0.0341722,-0.0052000),(0.2871472,0.0344754,-0.0052000),(0.2874661,0.0341722,-0.0052000),(0.2874233,0.0340753,-0.0052000),(0.2871472,0.0344754,-0.0052000),(0.2874233,0.0340753,-0.0052000),(0.2873871,0.0339763,-0.0052000),(0.2871472,0.0344754,-0.0052000),(0.2873871,0.0339763,-0.0052000),(0.2873575,0.0338751,-0.0052000),(0.2871472,0.0344754,-0.0052000),(0.2873575,0.0338751,-0.0052000),(0.2873345,0.0337717,-0.0052000),(0.2871472,0.0344754,-0.0052000),(0.2873345,0.0337717,-0.0052000),(0.2873180,0.0336663,-0.0052000),(0.2871472,0.0344754,-0.0052000),(0.2873180,0.0336663,-0.0052000),(0.2873082,0.0335586,-0.0052000),(0.2871472,0.0344754,-0.0052000),(0.2873082,0.0335586,-0.0052000),(0.2873049,0.0334488,-0.0052000),(0.2871472,0.0344754,-0.0052000),(0.2873049,0.0334488,-0.0052000),(0.2873082,0.0333390,-0.0052000),(0.2873780,0.0320896,-0.0052000),(0.2871472,0.0344754,-0.0052000),(0.2873082,0.0333390,-0.0052000),(0.2873780,0.0320896,-0.0052000),(0.2873082,0.0333390,-0.0052000),(0.2873182,0.0332313,-0.0052000),(0.2873780,0.0320896,-0.0052000),(0.2873182,0.0332313,-0.0052000),(0.2873349,0.0331256,-0.0052000),(0.2873780,0.0320896,-0.0052000),(0.2873349,0.0331256,-0.0052000),(0.2873583,0.0330221,-0.0052000),(0.2873780,0.0320896,-0.0052000),(0.2873583,0.0330221,-0.0052000),(0.2873884,0.0329206,-0.0052000),(0.2873780,0.0320896,-0.0052000),(0.2873884,0.0329206,-0.0052000),(0.2874251,0.0328212,-0.0052000),(0.2873780,0.0320896,-0.0052000),(0.2874251,0.0328212,-0.0052000),(0.2874685,0.0327239,-0.0052000),(0.2873780,0.0320896,-0.0052000),(0.2874685,0.0327239,-0.0052000),(0.2875187,0.0326286,-0.0052000),(0.2873780,0.0320896,-0.0052000),(0.2875187,0.0326286,-0.0052000),(0.2875745,0.0325367,-0.0052000),(0.2873780,0.0320896,-0.0052000),(0.2875745,0.0325367,-0.0052000),(0.2876351,0.0324498,-0.0052000),(0.2873780,0.0320896,-0.0052000),(0.2876351,0.0324498,-0.0052000),(0.2877006,0.0323679,-0.0052000),(0.2873780,0.0320896,-0.0052000),(0.2877006,0.0323679,-0.0052000),(0.2877708,0.0322910,-0.0052000),(0.2873780,0.0320896,-0.0052000),(0.2877708,0.0322910,-0.0052000),(0.2878458,0.0322192,-0.0052000),(0.2873780,0.0320896,-0.0052000),(0.2878458,0.0322192,-0.0052000),(0.2879256,0.0321524,-0.0052000),(0.2873780,0.0320896,-0.0052000),(0.2879256,0.0321524,-0.0052000),(0.2880103,0.0320906,-0.0052000),(0.2873780,0.0320896,-0.0052000),(0.2880103,0.0320906,-0.0052000),(0.2880997,0.0320338,-0.0052000),(0.2873780,0.0320896,-0.0052000),(0.2880997,0.0320338,-0.0052000),(0.2881918,0.0319827,-0.0052000),(0.2873780,0.0320896,-0.0052000),(0.2881918,0.0319827,-0.0052000),(0.2882844,0.0319385,-0.0052000),(0.2873780,0.0320896,-0.0052000),(0.2882844,0.0319385,-0.0052000),(0.2883775,0.0319010,-0.0052000),(0.2873780,0.0320896,-0.0052000),(0.2883775,0.0319010,-0.0052000),(0.2884712,0.0318703,-0.0052000),(0.2873780,0.0320896,-0.0052000),(0.2884712,0.0318703,-0.0052000),(0.2885653,0.0318465,-0.0052000),(0.2897464,0.0315788,-0.0052000),(0.2873780,0.0320896,-0.0052000),(0.2885653,0.0318465,-0.0052000),(0.2897464,0.0315788,-0.0052000),(0.2885653,0.0318465,-0.0052000),(0.2886601,0.0318295,-0.0052000),(0.2897464,0.0315788,-0.0052000),(0.2886601,0.0318295,-0.0052000),(0.2887553,0.0318192,-0.0052000),(0.2897464,0.0315788,-0.0052000),(0.2887553,0.0318192,-0.0052000),(0.2888511,0.0318158,-0.0052000),(0.2897464,0.0315788,-0.0052000),(0.2888511,0.0318158,-0.0052000),(0.2888574,0.0318158,-0.0052000),(0.2897464,0.0315788,-0.0052000),(0.2888574,0.0318158,-0.0052000),(0.2889512,0.0318179,-0.0052000),(0.2897464,0.0315788,-0.0052000),(0.2889512,0.0318179,-0.0052000),(0.2890423,0.0318242,-0.0052000),(0.2897464,0.0315788,-0.0052000),(0.2890423,0.0318242,-0.0052000),(0.2891309,0.0318346,-0.0052000),(0.2897464,0.0315788,-0.0052000),(0.2891309,0.0318346,-0.0052000),(0.2892170,0.0318492,-0.0052000),(0.2897464,0.0315788,-0.0052000),(0.2892170,0.0318492,-0.0052000),(0.2893005,0.0318679,-0.0052000),(0.2897464,0.0315788,-0.0052000),(0.2893005,0.0318679,-0.0052000),(0.2893815,0.0318908,-0.0052000),(0.2897464,0.0315788,-0.0052000),(0.2893815,0.0318908,-0.0052000),(0.2894600,0.0319179,-0.0052000),(0.2897464,0.0315788,-0.0052000),(0.2894600,0.0319179,-0.0052000),(0.2895358,0.0319492,-0.0052000),(0.2875335,0.0363042,-0.0052000),(0.2897464,0.0315788,-0.0052000),(0.2895358,0.0319492,-0.0052000),(0.2875335,0.0363042,-0.0052000),(0.2895358,0.0319492,-0.0052000),(0.2879314,0.0347442,-0.0052000),(0.2875335,0.0363042,-0.0052000),(0.2879314,0.0347442,-0.0052000),(0.2878110,0.0346414,-0.0052000),(0.2875579,0.0343362,-0.0052000),(0.2875155,0.0342669,-0.0052000),(0.2871472,0.0344754,-0.0052000),(0.2876030,0.0344027,-0.0052000),(0.2875579,0.0343362,-0.0052000),(0.2871472,0.0344754,-0.0052000),(0.2877015,0.0345275,-0.0052000),(0.2876030,0.0344027,-0.0052000),(0.2871472,0.0344754,-0.0052000),(0.2878110,0.0346414,-0.0052000),(0.2877015,0.0345275,-0.0052000),(0.2871472,0.0344754,-0.0052000),(0.2878110,0.0346414,-0.0052000),(0.2871472,0.0344754,-0.0052000),(0.2872051,0.0345705,-0.0052000),(0.2878110,0.0346414,-0.0052000),(0.2872051,0.0345705,-0.0052000),(0.2872668,0.0346614,-0.0052000),(0.2878110,0.0346414,-0.0052000),(0.2872668,0.0346614,-0.0052000),(0.2873321,0.0347483,-0.0052000),(0.2878110,0.0346414,-0.0052000),(0.2873321,0.0347483,-0.0052000),(0.2874012,0.0348310,-0.0052000),(0.2878110,0.0346414,-0.0052000),(0.2874012,0.0348310,-0.0052000),(0.2874739,0.0349097,-0.0052000),(0.2878110,0.0346414,-0.0052000),(0.2874739,0.0349097,-0.0052000),(0.2875504,0.0349842,-0.0052000),(0.2878110,0.0346414,-0.0052000),(0.2875504,0.0349842,-0.0052000),(0.2876306,0.0350547,-0.0052000),(0.2878110,0.0346414,-0.0052000),(0.2876306,0.0350547,-0.0052000),(0.2877144,0.0351210,-0.0052000),(0.2875335,0.0363042,-0.0052000),(0.2878110,0.0346414,-0.0052000),(0.2877144,0.0351210,-0.0052000),(0.2875335,0.0363042,-0.0052000),(0.2877144,0.0351210,-0.0052000),(0.2871588,0.0360915,-0.0052000),(0.2875335,0.0363042,-0.0052000),(0.2871588,0.0360915,-0.0052000),(0.2871313,0.0361931,-0.0052000),(0.2875335,0.0363042,-0.0052000),(0.2871313,0.0361931,-0.0052000),(0.2871377,0.0362534,-0.0052000),(0.2875335,0.0363042,-0.0052000),(0.2871377,0.0362534,-0.0052000),(0.2871768,0.0363304,-0.0052000),(0.2875335,0.0363042,-0.0052000),(0.2871768,0.0363304,-0.0052000),(0.2872393,0.0363857,-0.0052000),(0.2875335,0.0363042,-0.0052000),(0.2872393,0.0363857,-0.0052000),(0.2873440,0.0364132,-0.0052000),(0.2875335,0.0363042,-0.0052000),(0.2873440,0.0364132,-0.0052000),(0.2874044,0.0364058,-0.0052000),(0.2875335,0.0363042,-0.0052000),(0.2874044,0.0364058,-0.0052000),(0.2874768,0.0363704,-0.0052000),(0.2930463,0.0331578,-0.0052000),(0.2930940,0.0331091,-0.0052000),(0.2931500,0.0330315,-0.0052000),(0.2930463,0.0331578,-0.0052000),(0.2931500,0.0330315,-0.0052000),(0.2931986,0.0329502,-0.0052000),(0.2930463,0.0331578,-0.0052000),(0.2931986,0.0329502,-0.0052000),(0.2932397,0.0328650,-0.0052000),(0.2930463,0.0331578,-0.0052000),(0.2932397,0.0328650,-0.0052000),(0.2932733,0.0327760,-0.0052000),(0.2930463,0.0331578,-0.0052000),(0.2932733,0.0327760,-0.0052000),(0.2932995,0.0326832,-0.0052000),(0.2930463,0.0331578,-0.0052000),(0.2932995,0.0326832,-0.0052000),(0.2933182,0.0325866,-0.0052000),(0.2930463,0.0331578,-0.0052000),(0.2933182,0.0325866,-0.0052000),(0.2933294,0.0324862,-0.0052000),(0.2930463,0.0331578,-0.0052000),(0.2933294,0.0324862,-0.0052000),(0.2933331,0.0323820,-0.0052000),(0.2930463,0.0331578,-0.0052000),(0.2933331,0.0323820,-0.0052000),(0.2933294,0.0322779,-0.0052000),(0.2930463,0.0331578,-0.0052000),(0.2933294,0.0322779,-0.0052000),(0.2933183,0.0321783,-0.0052000),(0.2930463,0.0331578,-0.0052000),(0.2933183,0.0321783,-0.0052000),(0.2932997,0.0320832,-0.0052000),(0.2930463,0.0331578,-0.0052000),(0.2932997,0.0320832,-0.0052000),(0.2932736,0.0319926,-0.0052000),(0.2930463,0.0331578,-0.0052000),(0.2932736,0.0319926,-0.0052000),(0.2932401,0.0319064,-0.0052000),(0.2930463,0.0331578,-0.0052000),(0.2932401,0.0319064,-0.0052000),(0.2931992,0.0318248,-0.0052000),(0.2930463,0.0331578,-0.0052000),(0.2931992,0.0318248,-0.0052000),(0.2931508,0.0317477,-0.0052000),(0.2930463,0.0331578,-0.0052000),(0.2931508,0.0317477,-0.0052000),(0.2930950,0.0316751,-0.0052000),(0.2930463,0.0331578,-0.0052000),(0.2930950,0.0316751,-0.0052000),(0.2930333,0.0316091,-0.0052000),(0.2930463,0.0331578,-0.0052000),(0.2930333,0.0316091,-0.0052000),(0.2929666,0.0315519,-0.0052000),(0.2930463,0.0331578,-0.0052000),(0.2929666,0.0315519,-0.0052000),(0.2928949,0.0315035,-0.0052000),(0.2930463,0.0331578,-0.0052000),(0.2928949,0.0315035,-0.0052000),(0.2928183,0.0314639,-0.0052000),(0.2928183,0.0314639,-0.0052000),(0.2927367,0.0314331,-0.0052000),(0.2926501,0.0314111,-0.0052000),(0.2928183,0.0314639,-0.0052000),(0.2926501,0.0314111,-0.0052000),(0.2925586,0.0313980,-0.0052000),(0.2928183,0.0314639,-0.0052000),(0.2925586,0.0313980,-0.0052000),(0.2924621,0.0313936,-0.0052000),(0.2928183,0.0314639,-0.0052000),(0.2924621,0.0313936,-0.0052000),(0.2923666,0.0313979,-0.0052000),(0.2928183,0.0314639,-0.0052000),(0.2923666,0.0313979,-0.0052000),(0.2922753,0.0314111,-0.0052000),(0.2928183,0.0314639,-0.0052000),(0.2922753,0.0314111,-0.0052000),(0.2921883,0.0314330,-0.0052000),(0.2928183,0.0314639,-0.0052000),(0.2921883,0.0314330,-0.0052000),(0.2921055,0.0314637,-0.0052000),(0.2928183,0.0314639,-0.0052000),(0.2921055,0.0314637,-0.0052000),(0.2920269,0.0315031,-0.0052000),(0.2928183,0.0314639,-0.0052000),(0.2920269,0.0315031,-0.0052000),(0.2919525,0.0315513,-0.0052000),(0.2928183,0.0314639,-0.0052000),(0.2919525,0.0315513,-0.0052000),(0.2918824,0.0316083,-0.0052000),(0.2928183,0.0314639,-0.0052000),(0.2918824,0.0316083,-0.0052000),(0.2918165,0.0316740,-0.0052000),(0.2928183,0.0314639,-0.0052000),(0.2918165,0.0316740,-0.0052000),(0.2917568,0.0317464,-0.0052000),(0.2928183,0.0314639,-0.0052000),(0.2917568,0.0317464,-0.0052000),(0.2917050,0.0318234,-0.0052000),(0.2928183,0.0314639,-0.0052000),(0.2917050,0.0318234,-0.0052000),(0.2916611,0.0319050,-0.0052000),(0.2928183,0.0314639,-0.0052000),(0.2916611,0.0319050,-0.0052000),(0.2916253,0.0319912,-0.0052000),(0.2928183,0.0314639,-0.0052000),(0.2916253,0.0319912,-0.0052000),(0.2915974,0.0320820,-0.0052000),(0.2928183,0.0314639,-0.0052000),(0.2915974,0.0320820,-0.0052000),(0.2915774,0.0321774,-0.0052000),(0.2928183,0.0314639,-0.0052000),(0.2915774,0.0321774,-0.0052000),(0.2915655,0.0322774,-0.0052000),(0.2915655,0.0322774,-0.0052000),(0.2915615,0.0323820,-0.0052000),(0.2915768,0.0324643,-0.0052000),(0.2915655,0.0322774,-0.0052000),(0.2915768,0.0324643,-0.0052000),(0.2916229,0.0325334,-0.0052000),(0.2915655,0.0322774,-0.0052000),(0.2916229,0.0325334,-0.0052000),(0.2916911,0.0325802,-0.0052000),(0.2915655,0.0322774,-0.0052000),(0.2916911,0.0325802,-0.0052000),(0.2917732,0.0325958,-0.0052000),(0.2915655,0.0322774,-0.0052000),(0.2917732,0.0325958,-0.0052000),(0.2918560,0.0325802,-0.0052000),(0.2915655,0.0322774,-0.0052000),(0.2918560,0.0325802,-0.0052000),(0.2919245,0.0325334,-0.0052000),(0.2915655,0.0322774,-0.0052000),(0.2919245,0.0325334,-0.0052000),(0.2919705,0.0324643,-0.0052000),(0.2915655,0.0322774,-0.0052000),(0.2919705,0.0324643,-0.0052000),(0.2919859,0.0323820,-0.0052000),(0.2915655,0.0322774,-0.0052000),(0.2919859,0.0323820,-0.0052000),(0.2919945,0.0322558,-0.0052000),(0.2915655,0.0322774,-0.0052000),(0.2919945,0.0322558,-0.0052000),(0.2920205,0.0321447,-0.0052000),(0.2915655,0.0322774,-0.0052000),(0.2920205,0.0321447,-0.0052000),(0.2920639,0.0320489,-0.0052000),(0.2915655,0.0322774,-0.0052000),(0.2920639,0.0320489,-0.0052000),(0.2921245,0.0319682,-0.0052000),(0.2915655,0.0322774,-0.0052000),(0.2921245,0.0319682,-0.0052000),(0.2921960,0.0319034,-0.0052000),(0.2928183,0.0314639,-0.0052000),(0.2915655,0.0322774,-0.0052000),(0.2921960,0.0319034,-0.0052000),(0.2928183,0.0314639,-0.0052000),(0.2921960,0.0319034,-0.0052000),(0.2922761,0.0318571,-0.0052000),(0.2928183,0.0314639,-0.0052000),(0.2922761,0.0318571,-0.0052000),(0.2923648,0.0318293,-0.0052000),(0.2928183,0.0314639,-0.0052000),(0.2923648,0.0318293,-0.0052000),(0.2924621,0.0318201,-0.0052000),(0.2928183,0.0314639,-0.0052000),(0.2924621,0.0318201,-0.0052000),(0.2925560,0.0318293,-0.0052000),(0.2928183,0.0314639,-0.0052000),(0.2925560,0.0318293,-0.0052000),(0.2926407,0.0318568,-0.0052000),(0.2928183,0.0314639,-0.0052000),(0.2926407,0.0318568,-0.0052000),(0.2927163,0.0319028,-0.0052000),(0.2928183,0.0314639,-0.0052000),(0.2927163,0.0319028,-0.0052000),(0.2927828,0.0319672,-0.0052000),(0.2928183,0.0314639,-0.0052000),(0.2927828,0.0319672,-0.0052000),(0.2928370,0.0320483,-0.0052000),(0.2928183,0.0314639,-0.0052000),(0.2928370,0.0320483,-0.0052000),(0.2928757,0.0321444,-0.0052000),(0.2928183,0.0314639,-0.0052000),(0.2928757,0.0321444,-0.0052000),(0.2928989,0.0322557,-0.0052000),(0.2930463,0.0331578,-0.0052000),(0.2928183,0.0314639,-0.0052000),(0.2928989,0.0322557,-0.0052000),(0.2930463,0.0331578,-0.0052000),(0.2928989,0.0322557,-0.0052000),(0.2929066,0.0323820,-0.0052000),(0.2930463,0.0331578,-0.0052000),(0.2929066,0.0323820,-0.0052000),(0.2928990,0.0325101,-0.0052000),(0.2930463,0.0331578,-0.0052000),(0.2928990,0.0325101,-0.0052000),(0.2928759,0.0326255,-0.0052000),(0.2930463,0.0331578,-0.0052000),(0.2928759,0.0326255,-0.0052000),(0.2928376,0.0327281,-0.0052000),(0.2930463,0.0331578,-0.0052000),(0.2928376,0.0327281,-0.0052000),(0.2927839,0.0328181,-0.0052000),(0.2930463,0.0331578,-0.0052000),(0.2927839,0.0328181,-0.0052000),(0.2927216,0.0328829,-0.0052000),(0.2931307,0.0332340,-0.0052000),(0.2930463,0.0331578,-0.0052000),(0.2927216,0.0328829,-0.0052000),(0.2931307,0.0332340,-0.0052000),(0.2927216,0.0328829,-0.0052000),(0.2926524,0.0329292,-0.0052000),(0.2931307,0.0332340,-0.0052000),(0.2926524,0.0329292,-0.0052000),(0.2925761,0.0329570,-0.0052000),(0.2931307,0.0332340,-0.0052000),(0.2925761,0.0329570,-0.0052000),(0.2924928,0.0329662,-0.0052000),(0.2931307,0.0332340,-0.0052000),(0.2924928,0.0329662,-0.0052000),(0.2924505,0.0329662,-0.0052000),(0.2931307,0.0332340,-0.0052000),(0.2924505,0.0329662,-0.0052000),(0.2923838,0.0329662,-0.0052000),(0.2931307,0.0332340,-0.0052000),(0.2923838,0.0329662,-0.0052000),(0.2923023,0.0329818,-0.0052000),(0.2931307,0.0332340,-0.0052000),(0.2923023,0.0329818,-0.0052000),(0.2922335,0.0330287,-0.0052000),(0.2931307,0.0332340,-0.0052000),(0.2922335,0.0330287,-0.0052000),(0.2921867,0.0330972,-0.0052000),(0.2931307,0.0332340,-0.0052000),(0.2921867,0.0330972,-0.0052000),(0.2921711,0.0331779,-0.0052000),(0.2931307,0.0332340,-0.0052000),(0.2921711,0.0331779,-0.0052000),(0.2921867,0.0332589,-0.0052000),(0.2931307,0.0332340,-0.0052000),(0.2921867,0.0332589,-0.0052000),(0.2922335,0.0333282,-0.0052000),(0.2931307,0.0332340,-0.0052000),(0.2922335,0.0333282,-0.0052000),(0.2923023,0.0333758,-0.0052000),(0.2931307,0.0332340,-0.0052000),(0.2923023,0.0333758,-0.0052000),(0.2923838,0.0333917,-0.0052000),(0.2931307,0.0332340,-0.0052000),(0.2923838,0.0333917,-0.0052000),(0.2924505,0.0333917,-0.0052000),(0.2931307,0.0332340,-0.0052000),(0.2924505,0.0333917,-0.0052000),(0.2925809,0.0334056,-0.0052000),(0.2931307,0.0332340,-0.0052000),(0.2925809,0.0334056,-0.0052000),(0.2926989,0.0334475,-0.0052000),(0.2931307,0.0332340,-0.0052000),(0.2926989,0.0334475,-0.0052000),(0.2928047,0.0335173,-0.0052000),(0.2931307,0.0332340,-0.0052000),(0.2928047,0.0335173,-0.0052000),(0.2928982,0.0336150,-0.0052000),(0.2931307,0.0332340,-0.0052000),(0.2928982,0.0336150,-0.0052000),(0.2929750,0.0337362,-0.0052000),(0.2931307,0.0332340,-0.0052000),(0.2929750,0.0337362,-0.0052000),(0.2930299,0.0338764,-0.0052000),(0.2931307,0.0332340,-0.0052000),(0.2930299,0.0338764,-0.0052000),(0.2930629,0.0340357,-0.0052000),(0.2931307,0.0332340,-0.0052000),(0.2930629,0.0340357,-0.0052000),(0.2930711,0.0341225,-0.0052000),(0.2931307,0.0332340,-0.0052000),(0.2930711,0.0341225,-0.0052000),(0.2930738,0.0342140,-0.0052000),(0.2931307,0.0332340,-0.0052000),(0.2930738,0.0342140,-0.0052000),(0.2930711,0.0343047,-0.0052000),(0.2918521,0.0342495,-0.0052000),(0.2918494,0.0341495,-0.0052000),(0.2918335,0.0340674,-0.0052000),(0.2918602,0.0343439,-0.0052000),(0.2918521,0.0342495,-0.0052000),(0.2918335,0.0340674,-0.0052000),(0.2918602,0.0343439,-0.0052000),(0.2918335,0.0340674,-0.0052000),(0.2917859,0.0339992,-0.0052000),(0.2918738,0.0344325,-0.0052000),(0.2918602,0.0343439,-0.0052000),(0.2917859,0.0339992,-0.0052000),(0.2918738,0.0344325,-0.0052000),(0.2917859,0.0339992,-0.0052000),(0.2917165,0.0339531,-0.0052000),(0.2918927,0.0345154,-0.0052000),(0.2918738,0.0344325,-0.0052000),(0.2917165,0.0339531,-0.0052000),(0.2918927,0.0345154,-0.0052000),(0.2917165,0.0339531,-0.0052000),(0.2916335,0.0339378,-0.0052000),(0.2919470,0.0346640,-0.0052000),(0.2918927,0.0345154,-0.0052000),(0.2916335,0.0339378,-0.0052000),(0.2919470,0.0346640,-0.0052000),(0.2916335,0.0339378,-0.0052000),(0.2915506,0.0339531,-0.0052000),(0.2919470,0.0346640,-0.0052000),(0.2915506,0.0339531,-0.0052000),(0.2914821,0.0339992,-0.0052000),(0.2920229,0.0347897,-0.0052000),(0.2919470,0.0346640,-0.0052000),(0.2914821,0.0339992,-0.0052000),(0.2920229,0.0347897,-0.0052000),(0.2914821,0.0339992,-0.0052000),(0.2914361,0.0340674,-0.0052000),(0.2920229,0.0347897,-0.0052000),(0.2914361,0.0340674,-0.0052000),(0.2914207,0.0341495,-0.0052000),(0.2921135,0.0348893,-0.0052000),(0.2920229,0.0347897,-0.0052000),(0.2914207,0.0341495,-0.0052000),(0.2921135,0.0348893,-0.0052000),(0.2914207,0.0341495,-0.0052000),(0.2914251,0.0342864,-0.0052000),(0.2921135,0.0348893,-0.0052000),(0.2914251,0.0342864,-0.0052000),(0.2914384,0.0344174,-0.0052000),(0.2921135,0.0348893,-0.0052000),(0.2914384,0.0344174,-0.0052000),(0.2914605,0.0345424,-0.0052000),(0.2922169,0.0349604,-0.0052000),(0.2921135,0.0348893,-0.0052000),(0.2914605,0.0345424,-0.0052000),(0.2922169,0.0349604,-0.0052000),(0.2914605,0.0345424,-0.0052000),(0.2914914,0.0346614,-0.0052000),(0.2922169,0.0349604,-0.0052000),(0.2914914,0.0346614,-0.0052000),(0.2915311,0.0347744,-0.0052000),(0.2923331,0.0350031,-0.0052000),(0.2922169,0.0349604,-0.0052000),(0.2915311,0.0347744,-0.0052000),(0.2923331,0.0350031,-0.0052000),(0.2915311,0.0347744,-0.0052000),(0.2915797,0.0348815,-0.0052000),(0.2923331,0.0350031,-0.0052000),(0.2915797,0.0348815,-0.0052000),(0.2916371,0.0349825,-0.0052000),(0.2924621,0.0350173,-0.0052000),(0.2923331,0.0350031,-0.0052000),(0.2916371,0.0349825,-0.0052000),(0.2924621,0.0350173,-0.0052000),(0.2916371,0.0349825,-0.0052000),(0.2917033,0.0350776,-0.0052000),(0.2924621,0.0350173,-0.0052000),(0.2917033,0.0350776,-0.0052000),(0.2917754,0.0351632,-0.0052000),(0.2925857,0.0350039,-0.0052000),(0.2924621,0.0350173,-0.0052000),(0.2917754,0.0351632,-0.0052000),(0.2925857,0.0350039,-0.0052000),(0.2917754,0.0351632,-0.0052000),(0.2918539,0.0352374,-0.0052000),(0.2925857,0.0350039,-0.0052000),(0.2918539,0.0352374,-0.0052000),(0.2919390,0.0353001,-0.0052000),(0.2926992,0.0349636,-0.0052000),(0.2925857,0.0350039,-0.0052000),(0.2919390,0.0353001,-0.0052000),(0.2926992,0.0349636,-0.0052000),(0.2919390,0.0353001,-0.0052000),(0.2920306,0.0353515,-0.0052000),(0.2926992,0.0349636,-0.0052000),(0.2920306,0.0353515,-0.0052000),(0.2921287,0.0353914,-0.0052000),(0.2928026,0.0348964,-0.0052000),(0.2926992,0.0349636,-0.0052000),(0.2921287,0.0353914,-0.0052000),(0.2928026,0.0348964,-0.0052000),(0.2921287,0.0353914,-0.0052000),(0.2922333,0.0354199,-0.0052000),(0.2928026,0.0348964,-0.0052000),(0.2922333,0.0354199,-0.0052000),(0.2923445,0.0354370,-0.0052000),(0.2928960,0.0348024,-0.0052000),(0.2928026,0.0348964,-0.0052000),(0.2923445,0.0354370,-0.0052000),(0.2928960,0.0348024,-0.0052000),(0.2923445,0.0354370,-0.0052000),(0.2924621,0.0354427,-0.0052000),(0.2928960,0.0348024,-0.0052000),(0.2924621,0.0354427,-0.0052000),(0.2925753,0.0354372,-0.0052000),(0.2929738,0.0346847,-0.0052000),(0.2928960,0.0348024,-0.0052000),(0.2925753,0.0354372,-0.0052000),(0.2929738,0.0346847,-0.0052000),(0.2925753,0.0354372,-0.0052000),(0.2926829,0.0354208,-0.0052000),(0.2930294,0.0345474,-0.0052000),(0.2929738,0.0346847,-0.0052000),(0.2926829,0.0354208,-0.0052000),(0.2930294,0.0345474,-0.0052000),(0.2926829,0.0354208,-0.0052000),(0.2927849,0.0353933,-0.0052000),(0.2930294,0.0345474,-0.0052000),(0.2927849,0.0353933,-0.0052000),(0.2928815,0.0353549,-0.0052000),(0.2930488,0.0344714,-0.0052000),(0.2930294,0.0345474,-0.0052000),(0.2928815,0.0353549,-0.0052000),(0.2930488,0.0344714,-0.0052000),(0.2928815,0.0353549,-0.0052000),(0.2929725,0.0353055,-0.0052000),(0.2930627,0.0343905,-0.0052000),(0.2930488,0.0344714,-0.0052000),(0.2929725,0.0353055,-0.0052000),(0.2930627,0.0343905,-0.0052000),(0.2929725,0.0353055,-0.0052000),(0.2930580,0.0352451,-0.0052000),(0.2930711,0.0343047,-0.0052000),(0.2930627,0.0343905,-0.0052000),(0.2930580,0.0352451,-0.0052000),(0.2931307,0.0332340,-0.0052000),(0.2930711,0.0343047,-0.0052000),(0.2930580,0.0352451,-0.0052000),(0.2931307,0.0332340,-0.0052000),(0.2930580,0.0352451,-0.0052000),(0.2931380,0.0351737,-0.0052000),(0.2931307,0.0332340,-0.0052000),(0.2931380,0.0351737,-0.0052000),(0.2932125,0.0350914,-0.0052000),(0.2931307,0.0332340,-0.0052000),(0.2932125,0.0350914,-0.0052000),(0.2932802,0.0350001,-0.0052000),(0.2931307,0.0332340,-0.0052000),(0.2932802,0.0350001,-0.0052000),(0.2933389,0.0349036,-0.0052000),(0.2931307,0.0332340,-0.0052000),(0.2933389,0.0349036,-0.0052000),(0.2933886,0.0348018,-0.0052000),(0.2931307,0.0332340,-0.0052000),(0.2933886,0.0348018,-0.0052000),(0.2934292,0.0346948,-0.0052000),(0.2931307,0.0332340,-0.0052000),(0.2934292,0.0346948,-0.0052000),(0.2934608,0.0345825,-0.0052000),(0.2931307,0.0332340,-0.0052000),(0.2934608,0.0345825,-0.0052000),(0.2934834,0.0344649,-0.0052000),(0.2931307,0.0332340,-0.0052000),(0.2934834,0.0344649,-0.0052000),(0.2934969,0.0343421,-0.0052000),(0.2931307,0.0332340,-0.0052000),(0.2934969,0.0343421,-0.0052000),(0.2935014,0.0342140,-0.0052000),(0.2931307,0.0332340,-0.0052000),(0.2935014,0.0342140,-0.0052000),(0.2934969,0.0340846,-0.0052000),(0.2931307,0.0332340,-0.0052000),(0.2934969,0.0340846,-0.0052000),(0.2934835,0.0339605,-0.0052000),(0.2931307,0.0332340,-0.0052000),(0.2934835,0.0339605,-0.0052000),(0.2934611,0.0338417,-0.0052000),(0.2931307,0.0332340,-0.0052000),(0.2934611,0.0338417,-0.0052000),(0.2934297,0.0337282,-0.0052000),(0.2931307,0.0332340,-0.0052000),(0.2934297,0.0337282,-0.0052000),(0.2933894,0.0336200,-0.0052000),(0.2931307,0.0332340,-0.0052000),(0.2933894,0.0336200,-0.0052000),(0.2933401,0.0335171,-0.0052000),(0.2931307,0.0332340,-0.0052000),(0.2933401,0.0335171,-0.0052000),(0.2932818,0.0334195,-0.0052000),(0.2931307,0.0332340,-0.0052000),(0.2932818,0.0334195,-0.0052000),(0.2932146,0.0333271,-0.0052000),(0.2956445,0.0350215,-0.0052000),(0.2968161,0.0334308,-0.0052000),(0.2968806,0.0333371,-0.0052000),(0.2956445,0.0350215,-0.0052000),(0.2968806,0.0333371,-0.0052000),(0.2969365,0.0332395,-0.0052000),(0.2956445,0.0350215,-0.0052000),(0.2969365,0.0332395,-0.0052000),(0.2969838,0.0331380,-0.0052000),(0.2956445,0.0350215,-0.0052000),(0.2969838,0.0331380,-0.0052000),(0.2970225,0.0330326,-0.0052000),(0.2956445,0.0350215,-0.0052000),(0.2970225,0.0330326,-0.0052000),(0.2970526,0.0329234,-0.0052000),(0.2956445,0.0350215,-0.0052000),(0.2970526,0.0329234,-0.0052000),(0.2970741,0.0328103,-0.0052000),(0.2956445,0.0350215,-0.0052000),(0.2970741,0.0328103,-0.0052000),(0.2970870,0.0326934,-0.0052000),(0.2956445,0.0350215,-0.0052000),(0.2970870,0.0326934,-0.0052000),(0.2970913,0.0325725,-0.0052000),(0.2956445,0.0350215,-0.0052000),(0.2970913,0.0325725,-0.0052000),(0.2970862,0.0324476,-0.0052000),(0.2956445,0.0350215,-0.0052000),(0.2970862,0.0324476,-0.0052000),(0.2970708,0.0323272,-0.0052000),(0.2956445,0.0350215,-0.0052000),(0.2970708,0.0323272,-0.0052000),(0.2970451,0.0322114,-0.0052000),(0.2956445,0.0350215,-0.0052000),(0.2970451,0.0322114,-0.0052000),(0.2970093,0.0321003,-0.0052000),(0.2970093,0.0321003,-0.0052000),(0.2969631,0.0319937,-0.0052000),(0.2969067,0.0318917,-0.0052000),(0.2970093,0.0321003,-0.0052000),(0.2969067,0.0318917,-0.0052000),(0.2968401,0.0317943,-0.0052000),(0.2970093,0.0321003,-0.0052000),(0.2968401,0.0317943,-0.0052000),(0.2967632,0.0317015,-0.0052000),(0.2970093,0.0321003,-0.0052000),(0.2967632,0.0317015,-0.0052000),(0.2966903,0.0316284,-0.0052000),(0.2970093,0.0321003,-0.0052000),(0.2966903,0.0316284,-0.0052000),(0.2966129,0.0315649,-0.0052000),(0.2970093,0.0321003,-0.0052000),(0.2966129,0.0315649,-0.0052000),(0.2965310,0.0315113,-0.0052000),(0.2970093,0.0321003,-0.0052000),(0.2965310,0.0315113,-0.0052000),(0.2964446,0.0314674,-0.0052000),(0.2970093,0.0321003,-0.0052000),(0.2964446,0.0314674,-0.0052000),(0.2963538,0.0314332,-0.0052000),(0.2970093,0.0321003,-0.0052000),(0.2963538,0.0314332,-0.0052000),(0.2962584,0.0314088,-0.0052000),(0.2970093,0.0321003,-0.0052000),(0.2962584,0.0314088,-0.0052000),(0.2961585,0.0313942,-0.0052000),(0.2970093,0.0321003,-0.0052000),(0.2961585,0.0313942,-0.0052000),(0.2960541,0.0313893,-0.0052000),(0.2970093,0.0321003,-0.0052000),(0.2960541,0.0313893,-0.0052000),(0.2959556,0.0313941,-0.0052000),(0.2970093,0.0321003,-0.0052000),(0.2959556,0.0313941,-0.0052000),(0.2958601,0.0314084,-0.0052000),(0.2970093,0.0321003,-0.0052000),(0.2958601,0.0314084,-0.0052000),(0.2957676,0.0314323,-0.0052000),(0.2970093,0.0321003,-0.0052000),(0.2957676,0.0314323,-0.0052000),(0.2956781,0.0314658,-0.0052000),(0.2970093,0.0321003,-0.0052000),(0.2956781,0.0314658,-0.0052000),(0.2955917,0.0315088,-0.0052000),(0.2970093,0.0321003,-0.0052000),(0.2955917,0.0315088,-0.0052000),(0.2955082,0.0315614,-0.0052000),(0.2955082,0.0315614,-0.0052000),(0.2954278,0.0316235,-0.0052000),(0.2953503,0.0316952,-0.0052000),(0.2955082,0.0315614,-0.0052000),(0.2953503,0.0316952,-0.0052000),(0.2952712,0.0317817,-0.0052000),(0.2955082,0.0315614,-0.0052000),(0.2952712,0.0317817,-0.0052000),(0.2952026,0.0318746,-0.0052000),(0.2955082,0.0315614,-0.0052000),(0.2952026,0.0318746,-0.0052000),(0.2951446,0.0319738,-0.0052000),(0.2955082,0.0315614,-0.0052000),(0.2951446,0.0319738,-0.0052000),(0.2950971,0.0320794,-0.0052000),(0.2955082,0.0315614,-0.0052000),(0.2950971,0.0320794,-0.0052000),(0.2950602,0.0321913,-0.0052000),(0.2955082,0.0315614,-0.0052000),(0.2950602,0.0321913,-0.0052000),(0.2950338,0.0323095,-0.0052000),(0.2955082,0.0315614,-0.0052000),(0.2950338,0.0323095,-0.0052000),(0.2950180,0.0324342,-0.0052000),(0.2955082,0.0315614,-0.0052000),(0.2950180,0.0324342,-0.0052000),(0.2950127,0.0325651,-0.0052000),(0.2955082,0.0315614,-0.0052000),(0.2950127,0.0325651,-0.0052000),(0.2950127,0.0325704,-0.0052000),(0.2955082,0.0315614,-0.0052000),(0.2950127,0.0325704,-0.0052000),(0.2950283,0.0326519,-0.0052000),(0.2955082,0.0315614,-0.0052000),(0.2950283,0.0326519,-0.0052000),(0.2950752,0.0327207,-0.0052000),(0.2955082,0.0315614,-0.0052000),(0.2950752,0.0327207,-0.0052000),(0.2951439,0.0327675,-0.0052000),(0.2955082,0.0315614,-0.0052000),(0.2951439,0.0327675,-0.0052000),(0.2952254,0.0327831,-0.0052000),(0.2955082,0.0315614,-0.0052000),(0.2952254,0.0327831,-0.0052000),(0.2953069,0.0327675,-0.0052000),(0.2955082,0.0315614,-0.0052000),(0.2953069,0.0327675,-0.0052000),(0.2953757,0.0327207,-0.0052000),(0.2955082,0.0315614,-0.0052000),(0.2953757,0.0327207,-0.0052000),(0.2954233,0.0326519,-0.0052000),(0.2954233,0.0326519,-0.0052000),(0.2954392,0.0325704,-0.0052000),(0.2954392,0.0325651,-0.0052000),(0.2954233,0.0326519,-0.0052000),(0.2954392,0.0325651,-0.0052000),(0.2954425,0.0324782,-0.0052000),(0.2955082,0.0315614,-0.0052000),(0.2954233,0.0326519,-0.0052000),(0.2954425,0.0324782,-0.0052000),(0.2955082,0.0315614,-0.0052000),(0.2954425,0.0324782,-0.0052000),(0.2954525,0.0323958,-0.0052000),(0.2955082,0.0315614,-0.0052000),(0.2954525,0.0323958,-0.0052000),(0.2954691,0.0323179,-0.0052000),(0.2955082,0.0315614,-0.0052000),(0.2954691,0.0323179,-0.0052000),(0.2954924,0.0322445,-0.0052000),(0.2955082,0.0315614,-0.0052000),(0.2954924,0.0322445,-0.0052000),(0.2955589,0.0321111,-0.0052000),(0.2955082,0.0315614,-0.0052000),(0.2955589,0.0321111,-0.0052000),(0.2956519,0.0319957,-0.0052000),(0.2955082,0.0315614,-0.0052000),(0.2956519,0.0319957,-0.0052000),(0.2957428,0.0319170,-0.0052000),(0.2955082,0.0315614,-0.0052000),(0.2957428,0.0319170,-0.0052000),(0.2958398,0.0318608,-0.0052000),(0.2955082,0.0315614,-0.0052000),(0.2958398,0.0318608,-0.0052000),(0.2959429,0.0318271,-0.0052000),(0.2955082,0.0315614,-0.0052000),(0.2959429,0.0318271,-0.0052000),(0.2960520,0.0318158,-0.0052000),(0.2955082,0.0315614,-0.0052000),(0.2960520,0.0318158,-0.0052000),(0.2961652,0.0318267,-0.0052000),(0.2955082,0.0315614,-0.0052000),(0.2961652,0.0318267,-0.0052000),(0.2962690,0.0318592,-0.0052000),(0.2970093,0.0321003,-0.0052000),(0.2955082,0.0315614,-0.0052000),(0.2962690,0.0318592,-0.0052000),(0.2970093,0.0321003,-0.0052000),(0.2962690,0.0318592,-0.0052000),(0.2963631,0.0319135,-0.0052000),(0.2970093,0.0321003,-0.0052000),(0.2963631,0.0319135,-0.0052000),(0.2964478,0.0319894,-0.0052000),(0.2970093,0.0321003,-0.0052000),(0.2964478,0.0319894,-0.0052000),(0.2964994,0.0320506,-0.0052000),(0.2970093,0.0321003,-0.0052000),(0.2964994,0.0320506,-0.0052000),(0.2965441,0.0321150,-0.0052000),(0.2970093,0.0321003,-0.0052000),(0.2965441,0.0321150,-0.0052000),(0.2966129,0.0322537,-0.0052000),(0.2970093,0.0321003,-0.0052000),(0.2966129,0.0322537,-0.0052000),(0.2966542,0.0324055,-0.0052000),(0.2970093,0.0321003,-0.0052000),(0.2966542,0.0324055,-0.0052000),(0.2966645,0.0324863,-0.0052000),(0.2970093,0.0321003,-0.0052000),(0.2966645,0.0324863,-0.0052000),(0.2966679,0.0325704,-0.0052000),(0.2970093,0.0321003,-0.0052000),(0.2966679,0.0325704,-0.0052000),(0.2966650,0.0326571,-0.0052000),(0.2970093,0.0321003,-0.0052000),(0.2966650,0.0326571,-0.0052000),(0.2966562,0.0327405,-0.0052000),(0.2970093,0.0321003,-0.0052000),(0.2966562,0.0327405,-0.0052000),(0.2966416,0.0328206,-0.0052000),(0.2970093,0.0321003,-0.0052000),(0.2966416,0.0328206,-0.0052000),(0.2966211,0.0328974,-0.0052000),(0.2970093,0.0321003,-0.0052000),(0.2966211,0.0328974,-0.0052000),(0.2965626,0.0330411,-0.0052000),(0.2956445,0.0350215,-0.0052000),(0.2970093,0.0321003,-0.0052000),(0.2965626,0.0330411,-0.0052000),(0.2956445,0.0350215,-0.0052000),(0.2965626,0.0330411,-0.0052000),(0.2964806,0.0331716,-0.0052000),(0.2956445,0.0350215,-0.0052000),(0.2964806,0.0331716,-0.0052000),(0.2950572,0.0351051,-0.0052000),(0.2968807,0.0350215,-0.0052000),(0.2956445,0.0350215,-0.0052000),(0.2950572,0.0351051,-0.0052000),(0.2968807,0.0350215,-0.0052000),(0.2950572,0.0351051,-0.0052000),(0.2950106,0.0352300,-0.0052000),(0.2968807,0.0350215,-0.0052000),(0.2950106,0.0352300,-0.0052000),(0.2950127,0.0352649,-0.0052000),(0.2968807,0.0350215,-0.0052000),(0.2950127,0.0352649,-0.0052000),(0.2950392,0.0353435,-0.0052000),(0.2968807,0.0350215,-0.0052000),(0.2950392,0.0353435,-0.0052000),(0.2950910,0.0353993,-0.0052000),(0.2968807,0.0350215,-0.0052000),(0.2950910,0.0353993,-0.0052000),(0.2951596,0.0354343,-0.0052000),(0.2968807,0.0350215,-0.0052000),(0.2951596,0.0354343,-0.0052000),(0.2952254,0.0354459,-0.0052000),(0.2968807,0.0350215,-0.0052000),(0.2952254,0.0354459,-0.0052000),(0.2968807,0.0354459,-0.0052000),(0.2968807,0.0350215,-0.0052000),(0.2968807,0.0354459,-0.0052000),(0.2969640,0.0354308,-0.0052000),(0.2968807,0.0350215,-0.0052000),(0.2969640,0.0354308,-0.0052000),(0.2970320,0.0353856,-0.0052000),(0.2968807,0.0350215,-0.0052000),(0.2970320,0.0353856,-0.0052000),(0.2970765,0.0353176,-0.0052000),(0.2968807,0.0350215,-0.0052000),(0.2970765,0.0353176,-0.0052000),(0.2970913,0.0352342,-0.0052000),(0.2968807,0.0350215,-0.0052000),(0.2970913,0.0352342,-0.0052000),(0.2970765,0.0351501,-0.0052000),(0.2968807,0.0350215,-0.0052000),(0.2970765,0.0351501,-0.0052000),(0.2970320,0.0350818,-0.0052000),(0.2968807,0.0350215,-0.0052000),(0.2970320,0.0350818,-0.0052000),(0.2969661,0.0350366,-0.0052000),(0.2939597,0.0354155,-0.0052000),(0.2940327,0.0355221,-0.0052000),(0.2941393,0.0355951,-0.0052000),(0.2939597,0.0354155,-0.0052000),(0.2941393,0.0355951,-0.0052000),(0.2942645,0.0356195,-0.0052000),(0.2939597,0.0354155,-0.0052000),(0.2942645,0.0356195,-0.0052000),(0.2943894,0.0355951,-0.0052000),(0.2939597,0.0354155,-0.0052000),(0.2943894,0.0355951,-0.0052000),(0.2944952,0.0355221,-0.0052000),(0.2939597,0.0354155,-0.0052000),(0.2944952,0.0355221,-0.0052000),(0.2945682,0.0354155,-0.0052000),(0.2939597,0.0354155,-0.0052000),(0.2945682,0.0354155,-0.0052000),(0.2945926,0.0352903,-0.0052000),(0.2939597,0.0354155,-0.0052000),(0.2945926,0.0352903,-0.0052000),(0.2945682,0.0351652,-0.0052000),(0.2939597,0.0354155,-0.0052000),(0.2945682,0.0351652,-0.0052000),(0.2944952,0.0350586,-0.0052000),(0.2939597,0.0354155,-0.0052000),(0.2944952,0.0350586,-0.0052000),(0.2943894,0.0349855,-0.0052000),(0.2939597,0.0354155,-0.0052000),(0.2943894,0.0349855,-0.0052000),(0.2942645,0.0349612,-0.0052000),(0.2939597,0.0354155,-0.0052000),(0.2942645,0.0349612,-0.0052000),(0.2941393,0.0349855,-0.0052000),(0.2939597,0.0354155,-0.0052000),(0.2941393,0.0349855,-0.0052000),(0.2940327,0.0350586,-0.0052000),(0.2939597,0.0354155,-0.0052000),(0.2940327,0.0350586,-0.0052000),(0.2939597,0.0351652,-0.0052000),(0.2939597,0.0354155,-0.0052000),(0.2939597,0.0351652,-0.0052000),(0.2939353,0.0352903,-0.0052000),(0.3074790,0.0336631,-0.0052000),(0.3088612,0.0354528,-0.0052000),(0.3089334,0.0355147,-0.0052000),(0.3074790,0.0336631,-0.0052000),(0.3089334,0.0355147,-0.0052000),(0.3090252,0.0355353,-0.0052000),(0.3074790,0.0336631,-0.0052000),(0.3090252,0.0355353,-0.0052000),(0.3091575,0.0354898,-0.0052000),(0.3074790,0.0336631,-0.0052000),(0.3091575,0.0354898,-0.0052000),(0.3092218,0.0354163,-0.0052000),(0.3074790,0.0336631,-0.0052000),(0.3092218,0.0354163,-0.0052000),(0.3092432,0.0353205,-0.0052000),(0.3074790,0.0336631,-0.0052000),(0.3092432,0.0353205,-0.0052000),(0.3091988,0.0351882,-0.0052000),(0.3074790,0.0336631,-0.0052000),(0.3091988,0.0351882,-0.0052000),(0.3080230,0.0336631,-0.0052000),(0.3080230,0.0336631,-0.0052000),(0.3081087,0.0336631,-0.0052000),(0.3082280,0.0336580,-0.0052000),(0.3074790,0.0336631,-0.0052000),(0.3080230,0.0336631,-0.0052000),(0.3082280,0.0336580,-0.0052000),(0.3066154,0.0336631,-0.0052000),(0.3074790,0.0336631,-0.0052000),(0.3082280,0.0336580,-0.0052000),(0.3066154,0.0336631,-0.0052000),(0.3082280,0.0336580,-0.0052000),(0.3083417,0.0336427,-0.0052000),(0.3066154,0.0336631,-0.0052000),(0.3083417,0.0336427,-0.0052000),(0.3084501,0.0336172,-0.0052000),(0.3066154,0.0336631,-0.0052000),(0.3084501,0.0336172,-0.0052000),(0.3085529,0.0335814,-0.0052000),(0.3066154,0.0336631,-0.0052000),(0.3085529,0.0335814,-0.0052000),(0.3086504,0.0335354,-0.0052000),(0.3066154,0.0336631,-0.0052000),(0.3086504,0.0335354,-0.0052000),(0.3087423,0.0334792,-0.0052000),(0.3066154,0.0336631,-0.0052000),(0.3087423,0.0334792,-0.0052000),(0.3088288,0.0334128,-0.0052000),(0.3066154,0.0336631,-0.0052000),(0.3088288,0.0334128,-0.0052000),(0.3089099,0.0333361,-0.0052000),(0.3066154,0.0336631,-0.0052000),(0.3089099,0.0333361,-0.0052000),(0.3089863,0.0332464,-0.0052000),(0.3066154,0.0336631,-0.0052000),(0.3089863,0.0332464,-0.0052000),(0.3090525,0.0331540,-0.0052000),(0.3066154,0.0336631,-0.0052000),(0.3090525,0.0331540,-0.0052000),(0.3091085,0.0330588,-0.0052000),(0.3091085,0.0330588,-0.0052000),(0.3091543,0.0329609,-0.0052000),(0.3087588,0.0328117,-0.0052000),(0.3091085,0.0330588,-0.0052000),(0.3087588,0.0328117,-0.0052000),(0.3086943,0.0329293,-0.0052000),(0.3091085,0.0330588,-0.0052000),(0.3086943,0.0329293,-0.0052000),(0.3086040,0.0330356,-0.0052000),(0.3091085,0.0330588,-0.0052000),(0.3086040,0.0330356,-0.0052000),(0.3084941,0.0331235,-0.0052000),(0.3091085,0.0330588,-0.0052000),(0.3084941,0.0331235,-0.0052000),(0.3083749,0.0331864,-0.0052000),(0.3091085,0.0330588,-0.0052000),(0.3083749,0.0331864,-0.0052000),(0.3082464,0.0332241,-0.0052000),(0.3066154,0.0336631,-0.0052000),(0.3091085,0.0330588,-0.0052000),(0.3082464,0.0332241,-0.0052000),(0.3066154,0.0336631,-0.0052000),(0.3082464,0.0332241,-0.0052000),(0.3081087,0.0332366,-0.0052000),(0.3066154,0.0336631,-0.0052000),(0.3081087,0.0332366,-0.0052000),(0.3066154,0.0332366,-0.0052000),(0.3087975,0.0326827,-0.0052000),(0.3087588,0.0328117,-0.0052000),(0.3091543,0.0329609,-0.0052000),(0.3088104,0.0325424,-0.0052000),(0.3087975,0.0326827,-0.0052000),(0.3091543,0.0329609,-0.0052000),(0.3087975,0.0324033,-0.0052000),(0.3088104,0.0325424,-0.0052000),(0.3091543,0.0329609,-0.0052000),(0.3087588,0.0322751,-0.0052000),(0.3087975,0.0324033,-0.0052000),(0.3091543,0.0329609,-0.0052000),(0.3086943,0.0321578,-0.0052000),(0.3087588,0.0322751,-0.0052000),(0.3091543,0.0329609,-0.0052000),(0.3086943,0.0321578,-0.0052000),(0.3091543,0.0329609,-0.0052000),(0.3091900,0.0328604,-0.0052000),(0.3086943,0.0321578,-0.0052000),(0.3091900,0.0328604,-0.0052000),(0.3092155,0.0327571,-0.0052000),(0.3086040,0.0320513,-0.0052000),(0.3086943,0.0321578,-0.0052000),(0.3092155,0.0327571,-0.0052000),(0.3086040,0.0320513,-0.0052000),(0.3092155,0.0327571,-0.0052000),(0.3092307,0.0326511,-0.0052000),(0.3086040,0.0320513,-0.0052000),(0.3092307,0.0326511,-0.0052000),(0.3092358,0.0325424,-0.0052000),(0.3084969,0.0319633,-0.0052000),(0.3086040,0.0320513,-0.0052000),(0.3092358,0.0325424,-0.0052000),(0.3084969,0.0319633,-0.0052000),(0.3092358,0.0325424,-0.0052000),(0.3092307,0.0324298,-0.0052000),(0.3084969,0.0319633,-0.0052000),(0.3092307,0.0324298,-0.0052000),(0.3092155,0.0323211,-0.0052000),(0.3083796,0.0319005,-0.0052000),(0.3084969,0.0319633,-0.0052000),(0.3092155,0.0323211,-0.0052000),(0.3083796,0.0319005,-0.0052000),(0.3092155,0.0323211,-0.0052000),(0.3091900,0.0322162,-0.0052000),(0.3083796,0.0319005,-0.0052000),(0.3091900,0.0322162,-0.0052000),(0.3091543,0.0321153,-0.0052000),(0.3082524,0.0318628,-0.0052000),(0.3083796,0.0319005,-0.0052000),(0.3091543,0.0321153,-0.0052000),(0.3082524,0.0318628,-0.0052000),(0.3091543,0.0321153,-0.0052000),(0.3091085,0.0320183,-0.0052000),(0.3082524,0.0318628,-0.0052000),(0.3091085,0.0320183,-0.0052000),(0.3090525,0.0319252,-0.0052000),(0.3081151,0.0318502,-0.0052000),(0.3082524,0.0318628,-0.0052000),(0.3090525,0.0319252,-0.0052000),(0.3081151,0.0318502,-0.0052000),(0.3090525,0.0319252,-0.0052000),(0.3089863,0.0318360,-0.0052000),(0.3066154,0.0318502,-0.0052000),(0.3081151,0.0318502,-0.0052000),(0.3089863,0.0318360,-0.0052000),(0.3066154,0.0318502,-0.0052000),(0.3089863,0.0318360,-0.0052000),(0.3089099,0.0317507,-0.0052000),(0.3066154,0.0318502,-0.0052000),(0.3089099,0.0317507,-0.0052000),(0.3088228,0.0316726,-0.0052000),(0.3066154,0.0318502,-0.0052000),(0.3088228,0.0316726,-0.0052000),(0.3087320,0.0316049,-0.0052000),(0.3066154,0.0318502,-0.0052000),(0.3087320,0.0316049,-0.0052000),(0.3086375,0.0315476,-0.0052000),(0.3066154,0.0318502,-0.0052000),(0.3086375,0.0315476,-0.0052000),(0.3085392,0.0315007,-0.0052000),(0.3066154,0.0318502,-0.0052000),(0.3085392,0.0315007,-0.0052000),(0.3084372,0.0314642,-0.0052000),(0.3066154,0.0318502,-0.0052000),(0.3084372,0.0314642,-0.0052000),(0.3083314,0.0314382,-0.0052000),(0.3066154,0.0318502,-0.0052000),(0.3083314,0.0314382,-0.0052000),(0.3082219,0.0314226,-0.0052000),(0.3066154,0.0318502,-0.0052000),(0.3082219,0.0314226,-0.0052000),(0.3081087,0.0314174,-0.0052000),(0.3066154,0.0318502,-0.0052000),(0.3081087,0.0314174,-0.0052000),(0.3064027,0.0314174,-0.0052000),(0.3066154,0.0332366,-0.0052000),(0.3066154,0.0318502,-0.0052000),(0.3064027,0.0314174,-0.0052000),(0.3066154,0.0336631,-0.0052000),(0.3066154,0.0332366,-0.0052000),(0.3064027,0.0314174,-0.0052000),(0.3066154,0.0336631,-0.0052000),(0.3064027,0.0314174,-0.0052000),(0.3063167,0.0314340,-0.0052000),(0.3066154,0.0336631,-0.0052000),(0.3063167,0.0314340,-0.0052000),(0.3062450,0.0314840,-0.0052000),(0.3066154,0.0336631,-0.0052000),(0.3062450,0.0314840,-0.0052000),(0.3062029,0.0315584,-0.0052000),(0.3066154,0.0336631,-0.0052000),(0.3062029,0.0315584,-0.0052000),(0.3061889,0.0316375,-0.0052000),(0.3066154,0.0336631,-0.0052000),(0.3061889,0.0316375,-0.0052000),(0.3061889,0.0352644,-0.0052000),(0.3066154,0.0336631,-0.0052000),(0.3061889,0.0352644,-0.0052000),(0.3062118,0.0353478,-0.0052000),(0.3066154,0.0336631,-0.0052000),(0.3062118,0.0353478,-0.0052000),(0.3062550,0.0354073,-0.0052000),(0.3066154,0.0336631,-0.0052000),(0.3062550,0.0354073,-0.0052000),(0.3064027,0.0354549,-0.0052000),(0.3066154,0.0336631,-0.0052000),(0.3064027,0.0354549,-0.0052000),(0.3064767,0.0354430,-0.0052000),(0.3066154,0.0336631,-0.0052000),(0.3064767,0.0354430,-0.0052000),(0.3065368,0.0354073,-0.0052000),(0.3066154,0.0336631,-0.0052000),(0.3065368,0.0354073,-0.0052000),(0.3066154,0.0352644,-0.0052000),(0.3052269,0.0336579,-0.0052000),(0.3052248,0.0352644,-0.0052000),(0.3052409,0.0353464,-0.0052000),(0.3052269,0.0336579,-0.0052000),(0.3052409,0.0353464,-0.0052000),(0.3052893,0.0354147,-0.0052000),(0.3052269,0.0336579,-0.0052000),(0.3052893,0.0354147,-0.0052000),(0.3053581,0.0354607,-0.0052000),(0.3052269,0.0336579,-0.0052000),(0.3053581,0.0354607,-0.0052000),(0.3054354,0.0354761,-0.0052000),(0.3052269,0.0336579,-0.0052000),(0.3054354,0.0354761,-0.0052000),(0.3055182,0.0354607,-0.0052000),(0.3052269,0.0336579,-0.0052000),(0.3055182,0.0354607,-0.0052000),(0.3055867,0.0354147,-0.0052000),(0.3052269,0.0336579,-0.0052000),(0.3055867,0.0354147,-0.0052000),(0.3056327,0.0353464,-0.0052000),(0.3052269,0.0336579,-0.0052000),(0.3056327,0.0353464,-0.0052000),(0.3056481,0.0352644,-0.0052000),(0.3052269,0.0336579,-0.0052000),(0.3056481,0.0352644,-0.0052000),(0.3056481,0.0316375,-0.0052000),(0.3052269,0.0336579,-0.0052000),(0.3056481,0.0316375,-0.0052000),(0.3056327,0.0315560,-0.0052000),(0.3052269,0.0336579,-0.0052000),(0.3056327,0.0315560,-0.0052000),(0.3055867,0.0314872,-0.0052000),(0.3052269,0.0336579,-0.0052000),(0.3055867,0.0314872,-0.0052000),(0.3055192,0.0314396,-0.0052000),(0.3052269,0.0336579,-0.0052000),(0.3055192,0.0314396,-0.0052000),(0.3054396,0.0314237,-0.0052000),(0.3052269,0.0336579,-0.0052000),(0.3054396,0.0314237,-0.0052000),(0.3053576,0.0314401,-0.0052000),(0.3052269,0.0336579,-0.0052000),(0.3053576,0.0314401,-0.0052000),(0.3052872,0.0314893,-0.0052000),(0.3052269,0.0336579,-0.0052000),(0.3052872,0.0314893,-0.0052000),(0.3052404,0.0315539,-0.0052000),(0.3052269,0.0336579,-0.0052000),(0.3052404,0.0315539,-0.0052000),(0.3052248,0.0316375,-0.0052000),(0.3052269,0.0336579,-0.0052000),(0.3052248,0.0316375,-0.0052000),(0.3052248,0.0332366,-0.0052000),(0.3030255,0.0336579,-0.0052000),(0.3052269,0.0336579,-0.0052000),(0.3052248,0.0332366,-0.0052000),(0.3030255,0.0336579,-0.0052000),(0.3052248,0.0332366,-0.0052000),(0.3030319,0.0332366,-0.0052000),(0.3030255,0.0336579,-0.0052000),(0.3030319,0.0332366,-0.0052000),(0.3030319,0.0316375,-0.0052000),(0.3030255,0.0336579,-0.0052000),(0.3030319,0.0316375,-0.0052000),(0.3030155,0.0315560,-0.0052000),(0.3030255,0.0336579,-0.0052000),(0.3030155,0.0315560,-0.0052000),(0.3029663,0.0314872,-0.0052000),(0.3030255,0.0336579,-0.0052000),(0.3029663,0.0314872,-0.0052000),(0.3028967,0.0314396,-0.0052000),(0.3030255,0.0336579,-0.0052000),(0.3028967,0.0314396,-0.0052000),(0.3028192,0.0314237,-0.0052000),(0.3030255,0.0336579,-0.0052000),(0.3028192,0.0314237,-0.0052000),(0.3027369,0.0314396,-0.0052000),(0.3030255,0.0336579,-0.0052000),(0.3027369,0.0314396,-0.0052000),(0.3026657,0.0314872,-0.0052000),(0.3030255,0.0336579,-0.0052000),(0.3026657,0.0314872,-0.0052000),(0.3026173,0.0315560,-0.0052000),(0.3030255,0.0336579,-0.0052000),(0.3026173,0.0315560,-0.0052000),(0.3026011,0.0316375,-0.0052000),(0.3030255,0.0336579,-0.0052000),(0.3026011,0.0316375,-0.0052000),(0.3026011,0.0352644,-0.0052000),(0.3030255,0.0336579,-0.0052000),(0.3026011,0.0352644,-0.0052000),(0.3026168,0.0353464,-0.0052000),(0.3030255,0.0336579,-0.0052000),(0.3026168,0.0353464,-0.0052000),(0.3026636,0.0354147,-0.0052000),(0.3030255,0.0336579,-0.0052000),(0.3026636,0.0354147,-0.0052000),(0.3027332,0.0354607,-0.0052000),(0.3030255,0.0336579,-0.0052000),(0.3027332,0.0354607,-0.0052000),(0.3028149,0.0354761,-0.0052000),(0.3030255,0.0336579,-0.0052000),(0.3028149,0.0354761,-0.0052000),(0.3028927,0.0354610,-0.0052000),(0.3030255,0.0336579,-0.0052000),(0.3028927,0.0354610,-0.0052000),(0.3029652,0.0354157,-0.0052000),(0.3030255,0.0336579,-0.0052000),(0.3029652,0.0354157,-0.0052000),(0.3030105,0.0353509,-0.0052000),(0.3030255,0.0336579,-0.0052000),(0.3030105,0.0353509,-0.0052000),(0.3030255,0.0352644,-0.0052000),(0.3102074,0.0339457,-0.0052000),(0.3102074,0.0316375,-0.0052000),(0.3101920,0.0315560,-0.0052000),(0.3102074,0.0339457,-0.0052000),(0.3101920,0.0315560,-0.0052000),(0.3101460,0.0314872,-0.0052000),(0.3102074,0.0339457,-0.0052000),(0.3101460,0.0314872,-0.0052000),(0.3100785,0.0314396,-0.0052000),(0.3102124,0.0340582,-0.0052000),(0.3102074,0.0339457,-0.0052000),(0.3100785,0.0314396,-0.0052000),(0.3102124,0.0340582,-0.0052000),(0.3100785,0.0314396,-0.0052000),(0.3099989,0.0314237,-0.0052000),(0.3102124,0.0340582,-0.0052000),(0.3099989,0.0314237,-0.0052000),(0.3099156,0.0314401,-0.0052000),(0.3102124,0.0340582,-0.0052000),(0.3099156,0.0314401,-0.0052000),(0.3098412,0.0314893,-0.0052000),(0.3102124,0.0340582,-0.0052000),(0.3098412,0.0314893,-0.0052000),(0.3097960,0.0315539,-0.0052000),(0.3102124,0.0340582,-0.0052000),(0.3097960,0.0315539,-0.0052000),(0.3097809,0.0316375,-0.0052000),(0.3102124,0.0340582,-0.0052000),(0.3097809,0.0316375,-0.0052000),(0.3097809,0.0339457,-0.0052000),(0.3102124,0.0340582,-0.0052000),(0.3097809,0.0339457,-0.0052000),(0.3097878,0.0341008,-0.0052000),(0.3102124,0.0340582,-0.0052000),(0.3097878,0.0341008,-0.0052000),(0.3098087,0.0342502,-0.0052000),(0.3102124,0.0340582,-0.0052000),(0.3098087,0.0342502,-0.0052000),(0.3098434,0.0343938,-0.0052000),(0.3102124,0.0340582,-0.0052000),(0.3098434,0.0343938,-0.0052000),(0.3098920,0.0345318,-0.0052000),(0.3102124,0.0340582,-0.0052000),(0.3098920,0.0345318,-0.0052000),(0.3099545,0.0346640,-0.0052000),(0.3102124,0.0340582,-0.0052000),(0.3099545,0.0346640,-0.0052000),(0.3100309,0.0347905,-0.0052000),(0.3102124,0.0340582,-0.0052000),(0.3100309,0.0347905,-0.0052000),(0.3101212,0.0349112,-0.0052000),(0.3102124,0.0340582,-0.0052000),(0.3101212,0.0349112,-0.0052000),(0.3102254,0.0350263,-0.0052000),(0.3102124,0.0340582,-0.0052000),(0.3102254,0.0350263,-0.0052000),(0.3103380,0.0351317,-0.0052000),(0.3103380,0.0351317,-0.0052000),(0.3104566,0.0352231,-0.0052000),(0.3105814,0.0353004,-0.0052000),(0.3103380,0.0351317,-0.0052000),(0.3105814,0.0353004,-0.0052000),(0.3107122,0.0353636,-0.0052000),(0.3103380,0.0351317,-0.0052000),(0.3107122,0.0353636,-0.0052000),(0.3108491,0.0354128,-0.0052000),(0.3103380,0.0351317,-0.0052000),(0.3108491,0.0354128,-0.0052000),(0.3109921,0.0354480,-0.0052000),(0.3103380,0.0351317,-0.0052000),(0.3109921,0.0354480,-0.0052000),(0.3111412,0.0354690,-0.0052000),(0.3103380,0.0351317,-0.0052000),(0.3111412,0.0354690,-0.0052000),(0.3112964,0.0354761,-0.0052000),(0.3103380,0.0351317,-0.0052000),(0.3112964,0.0354761,-0.0052000),(0.3114518,0.0354690,-0.0052000),(0.3103380,0.0351317,-0.0052000),(0.3114518,0.0354690,-0.0052000),(0.3116015,0.0354480,-0.0052000),(0.3103380,0.0351317,-0.0052000),(0.3116015,0.0354480,-0.0052000),(0.3117456,0.0354128,-0.0052000),(0.3103380,0.0351317,-0.0052000),(0.3117456,0.0354128,-0.0052000),(0.3118841,0.0353636,-0.0052000),(0.3103380,0.0351317,-0.0052000),(0.3118841,0.0353636,-0.0052000),(0.3120168,0.0353004,-0.0052000),(0.3103380,0.0351317,-0.0052000),(0.3120168,0.0353004,-0.0052000),(0.3121439,0.0352231,-0.0052000),(0.3103380,0.0351317,-0.0052000),(0.3121439,0.0352231,-0.0052000),(0.3122654,0.0351317,-0.0052000),(0.3103380,0.0351317,-0.0052000),(0.3122654,0.0351317,-0.0052000),(0.3123812,0.0350263,-0.0052000),(0.3123812,0.0350263,-0.0052000),(0.3124859,0.0349126,-0.0052000),(0.3125766,0.0347927,-0.0052000),(0.3123812,0.0350263,-0.0052000),(0.3125766,0.0347927,-0.0052000),(0.3126534,0.0346665,-0.0052000),(0.3123812,0.0350263,-0.0052000),(0.3126534,0.0346665,-0.0052000),(0.3127162,0.0345342,-0.0052000),(0.3123812,0.0350263,-0.0052000),(0.3127162,0.0345342,-0.0052000),(0.3127650,0.0343956,-0.0052000),(0.3123812,0.0350263,-0.0052000),(0.3127650,0.0343956,-0.0052000),(0.3127999,0.0342508,-0.0052000),(0.3123812,0.0350263,-0.0052000),(0.3127999,0.0342508,-0.0052000),(0.3128208,0.0340998,-0.0052000),(0.3123812,0.0350263,-0.0052000),(0.3128208,0.0340998,-0.0052000),(0.3128278,0.0339425,-0.0052000),(0.3123812,0.0350263,-0.0052000),(0.3128278,0.0339425,-0.0052000),(0.3128278,0.0316375,-0.0052000),(0.3123812,0.0350263,-0.0052000),(0.3128278,0.0316375,-0.0052000),(0.3128125,0.0315560,-0.0052000),(0.3123812,0.0350263,-0.0052000),(0.3128125,0.0315560,-0.0052000),(0.3127664,0.0314872,-0.0052000),(0.3123812,0.0350263,-0.0052000),(0.3127664,0.0314872,-0.0052000),(0.3126982,0.0314396,-0.0052000),(0.3123812,0.0350263,-0.0052000),(0.3126982,0.0314396,-0.0052000),(0.3126162,0.0314237,-0.0052000),(0.3123812,0.0350263,-0.0052000),(0.3126162,0.0314237,-0.0052000),(0.3125341,0.0314396,-0.0052000),(0.3123812,0.0350263,-0.0052000),(0.3125341,0.0314396,-0.0052000),(0.3124659,0.0314872,-0.0052000),(0.3124659,0.0314872,-0.0052000),(0.3124198,0.0315560,-0.0052000),(0.3124045,0.0316375,-0.0052000),(0.3124659,0.0314872,-0.0052000),(0.3124045,0.0316375,-0.0052000),(0.3124045,0.0339425,-0.0052000),(0.3123812,0.0350263,-0.0052000),(0.3124659,0.0314872,-0.0052000),(0.3124045,0.0339425,-0.0052000),(0.3123812,0.0350263,-0.0052000),(0.3124045,0.0339425,-0.0052000),(0.3123994,0.0340546,-0.0052000),(0.3123812,0.0350263,-0.0052000),(0.3123994,0.0340546,-0.0052000),(0.3123840,0.0341626,-0.0052000),(0.3123812,0.0350263,-0.0052000),(0.3123840,0.0341626,-0.0052000),(0.3123585,0.0342665,-0.0052000),(0.3123812,0.0350263,-0.0052000),(0.3123585,0.0342665,-0.0052000),(0.3123227,0.0343664,-0.0052000),(0.3123812,0.0350263,-0.0052000),(0.3123227,0.0343664,-0.0052000),(0.3122767,0.0344623,-0.0052000),(0.3123812,0.0350263,-0.0052000),(0.3122767,0.0344623,-0.0052000),(0.3122205,0.0345541,-0.0052000),(0.3123812,0.0350263,-0.0052000),(0.3122205,0.0345541,-0.0052000),(0.3121541,0.0346419,-0.0052000),(0.3123812,0.0350263,-0.0052000),(0.3121541,0.0346419,-0.0052000),(0.3120775,0.0347257,-0.0052000),(0.3123812,0.0350263,-0.0052000),(0.3120775,0.0347257,-0.0052000),(0.3119956,0.0348021,-0.0052000),(0.3123812,0.0350263,-0.0052000),(0.3119956,0.0348021,-0.0052000),(0.3119093,0.0348683,-0.0052000),(0.3123812,0.0350263,-0.0052000),(0.3119093,0.0348683,-0.0052000),(0.3118185,0.0349244,-0.0052000),(0.3123812,0.0350263,-0.0052000),(0.3118185,0.0349244,-0.0052000),(0.3117232,0.0349702,-0.0052000),(0.3123812,0.0350263,-0.0052000),(0.3117232,0.0349702,-0.0052000),(0.3116235,0.0350058,-0.0052000),(0.3123812,0.0350263,-0.0052000),(0.3116235,0.0350058,-0.0052000),(0.3115193,0.0350313,-0.0052000),(0.3123812,0.0350263,-0.0052000),(0.3115193,0.0350313,-0.0052000),(0.3114106,0.0350466,-0.0052000),(0.3103380,0.0351317,-0.0052000),(0.3123812,0.0350263,-0.0052000),(0.3114106,0.0350466,-0.0052000),(0.3103380,0.0351317,-0.0052000),(0.3114106,0.0350466,-0.0052000),(0.3112975,0.0350517,-0.0052000),(0.3103380,0.0351317,-0.0052000),(0.3112975,0.0350517,-0.0052000),(0.3111863,0.0350466,-0.0052000),(0.3103380,0.0351317,-0.0052000),(0.3111863,0.0350466,-0.0052000),(0.3110794,0.0350314,-0.0052000),(0.3103380,0.0351317,-0.0052000),(0.3110794,0.0350314,-0.0052000),(0.3109766,0.0350061,-0.0052000),(0.3103380,0.0351317,-0.0052000),(0.3109766,0.0350061,-0.0052000),(0.3108781,0.0349707,-0.0052000),(0.3103380,0.0351317,-0.0052000),(0.3108781,0.0349707,-0.0052000),(0.3107838,0.0349252,-0.0052000),(0.3103380,0.0351317,-0.0052000),(0.3107838,0.0349252,-0.0052000),(0.3106936,0.0348695,-0.0052000),(0.3103380,0.0351317,-0.0052000),(0.3106936,0.0348695,-0.0052000),(0.3106077,0.0348037,-0.0052000),(0.3103380,0.0351317,-0.0052000),(0.3106077,0.0348037,-0.0052000),(0.3105259,0.0347278,-0.0052000),(0.3103380,0.0351317,-0.0052000),(0.3105259,0.0347278,-0.0052000),(0.3104513,0.0346448,-0.0052000),(0.3103380,0.0351317,-0.0052000),(0.3104513,0.0346448,-0.0052000),(0.3103866,0.0345575,-0.0052000),(0.3103380,0.0351317,-0.0052000),(0.3103866,0.0345575,-0.0052000),(0.3103318,0.0344660,-0.0052000),(0.3103380,0.0351317,-0.0052000),(0.3103318,0.0344660,-0.0052000),(0.3102870,0.0343704,-0.0052000),(0.3103380,0.0351317,-0.0052000),(0.3102870,0.0343704,-0.0052000),(0.3102522,0.0342705,-0.0052000),(0.3103380,0.0351317,-0.0052000),(0.3102522,0.0342705,-0.0052000),(0.3102273,0.0341665,-0.0052000),(0.3102124,0.0340582,-0.0052000),(0.3103380,0.0351317,-0.0052000),(0.3102273,0.0341665,-0.0052000),(0.3020050,0.0317970,-0.0052000),(0.3020582,0.0316375,-0.0052000),(0.3020431,0.0315576,-0.0052000),(0.3020050,0.0317970,-0.0052000),(0.3020431,0.0315576,-0.0052000),(0.3019979,0.0314893,-0.0052000),(0.3020050,0.0317970,-0.0052000),(0.3019979,0.0314893,-0.0052000),(0.3019296,0.0314401,-0.0052000),(0.3020050,0.0317970,-0.0052000),(0.3019296,0.0314401,-0.0052000),(0.3018455,0.0314237,-0.0052000),(0.3020050,0.0317970,-0.0052000),(0.3018455,0.0314237,-0.0052000),(0.2992251,0.0314237,-0.0052000),(0.3020050,0.0317970,-0.0052000),(0.2992251,0.0314237,-0.0052000),(0.2991319,0.0314441,-0.0052000),(0.3020050,0.0317970,-0.0052000),(0.2991319,0.0314441,-0.0052000),(0.2990578,0.0315052,-0.0052000),(0.3020050,0.0317970,-0.0052000),(0.2990578,0.0315052,-0.0052000),(0.2990113,0.0316375,-0.0052000),(0.3020050,0.0317970,-0.0052000),(0.2990113,0.0316375,-0.0052000),(0.2990113,0.0316534,-0.0052000),(0.3020050,0.0317970,-0.0052000),(0.2990113,0.0316534,-0.0052000),(0.2990716,0.0317825,-0.0052000),(0.3020050,0.0317970,-0.0052000),(0.2990716,0.0317825,-0.0052000),(0.2991428,0.0318333,-0.0052000),(0.3020050,0.0317970,-0.0052000),(0.2991428,0.0318333,-0.0052000),(0.2992251,0.0318502,-0.0052000),(0.3020050,0.0317970,-0.0052000),(0.2992251,0.0318502,-0.0052000),(0.3003247,0.0318502,-0.0052000),(0.3003247,0.0318502,-0.0052000),(0.3003247,0.0352644,-0.0052000),(0.3003400,0.0353464,-0.0052000),(0.3003247,0.0318502,-0.0052000),(0.3003400,0.0353464,-0.0052000),(0.3003861,0.0354147,-0.0052000),(0.3003247,0.0318502,-0.0052000),(0.3003861,0.0354147,-0.0052000),(0.3004543,0.0354607,-0.0052000),(0.3003247,0.0318502,-0.0052000),(0.3004543,0.0354607,-0.0052000),(0.3005363,0.0354761,-0.0052000),(0.3003247,0.0318502,-0.0052000),(0.3005363,0.0354761,-0.0052000),(0.3006184,0.0354607,-0.0052000),(0.3003247,0.0318502,-0.0052000),(0.3006184,0.0354607,-0.0052000),(0.3006866,0.0354147,-0.0052000),(0.3003247,0.0318502,-0.0052000),(0.3006866,0.0354147,-0.0052000),(0.3007327,0.0353464,-0.0052000),(0.3003247,0.0318502,-0.0052000),(0.3007327,0.0353464,-0.0052000),(0.3007480,0.0352644,-0.0052000),(0.3003247,0.0318502,-0.0052000),(0.3007480,0.0352644,-0.0052000),(0.3007480,0.0318502,-0.0052000),(0.3020050,0.0317970,-0.0052000),(0.3003247,0.0318502,-0.0052000),(0.3007480,0.0318502,-0.0052000),(0.3020050,0.0317970,-0.0052000),(0.3007480,0.0318502,-0.0052000),(0.3018455,0.0318502,-0.0052000),(0.3020050,0.0317970,-0.0052000),(0.3018455,0.0318502,-0.0052000),(0.3019386,0.0318369,-0.0052000)));
#1142=COMPLEX_TRIANGULATED_SURFACE_SET('surface set',#1141,4836,(),(),(),((1,2,3),(4,5,6),(7,8,9),(10,11,12),(13,14,15),(16,17,18),(19,20,21),(22,23,24),(25,26,27),(28,29,30),(31,32,33),(34,35,36),(37,38,39),(40,41,42),(43,44,45),(46,47,48),(49,50,51),(52,53,54),(55,56,57),(58,59,60),(61,62,63),(64,65,66),(67,68,69),(70,71,72),(73,74,75),(76,77,78),(79,80,81),(82,83,84),(85,86,87),(88,89,90),(91,92,93),(94,95,96),(97,98,99),(100,101,102),(103,104,105),(106,107,108),(109,110,111),(112,113,114),(115,116,117),(118,119,120),(121,122,123),(124,125,126),(127,128,129),(130,131,132),(133,134,135),(136,137,138),(139,140,141),(142,143,144),(145,146,147),(148,149,150),(151,152,153),(154,155,156),(157,158,159),(160,161,162),(163,164,165),(166,167,168),(169,170,171),(172,173,174),(175,176,177),(178,179,180),(181,182,183),(184,185,186),(187,188,189),(190,191,192),(193,194,195),(196,197,198),(199,200,201),(202,203,204),(205,206,207),(208,209,210),(211,212,213),(214,215,216),(217,218,219),(220,221,222),(223,224,225),(226,227,228),(229,230,231),(232,233,234),(235,236,237),(238,239,240),(241,242,243),(244,245,246),(247,248,249),(250,251,252),(253,254,255),(256,257,258),(259,260,261),(262,263,264),(265,266,267),(268,269,270),(271,272,273),(274,275,276),(277,278,279),(280,281,282),(283,284,285),(286,287,288),(289,290,291),(292,293,294),(295,296,297),(298,299,300),(301,302,303),(304,305,306),(307,308,309),(310,311,312),(313,314,315),(316,317,318),(319,320,321),(322,323,324),(325,326,327),(328,329,330),(331,332,333),(334,335,336),(337,338,339),(340,341,342),(343,344,345),(346,347,348),(349,350,351),(352,353,354),(355,356,357),(358,359,360),(361,362,363),(364,365,366),(367,368,369),(370,371,372),(373,374,375),(376,377,378),(379,380,381),(382,383,384),(385,386,387),(388,389,390),(391,392,393),(394,395,396),(397,398,399),(400,401,402),(403,404,405),(406,407,408),(409,410,411),(412,413,414),(415,416,417),(418,419,420),(421,422,423),(424,425,426),(427,428,429),(430,431,432),(433,434,435),(436,437,438),(439,440,441),(442,443,444),(445,446,447),(448,449,450),(451,452,453),(454,455,456),(457,458,459),(460,461,462),(463,464,465),(466,467,468),(469,470,471),(472,473,474),(475,476,477),(478,479,480),(481,482,483),(484,485,486),(487,488,489),(490,491,492),(493,494,495),(496,497,498),(499,500,501),(502,503,504),(505,506,507),(508,509,510),(511,512,513),(514,515,516),(517,518,519),(520,521,522),(523,524,525),(526,527,528),(529,530,531),(532,533,534),(535,536,537),(538,539,540),(541,542,543),(544,545,546),(547,548,549),(550,551,552),(553,554,555),(556,557,558),(559,560,561),(562,563,564),(565,566,567),(568,569,570),(571,572,573),(574,575,576),(577,578,579),(580,581,582),(583,584,585),(586,587,588),(589,590,591),(592,593,594),(595,596,597),(598,599,600),(601,602,603),(604,605,606),(607,608,609),(610,611,612),(613,614,615),(616,617,618),(619,620,621),(622,623,624),(625,626,627),(628,629,630),(631,632,633),(634,635,636),(637,638,639),(640,641,642),(643,644,645),(646,647,648),(649,650,651),(652,653,654),(655,656,657),(658,659,660),(661,662,663),(664,665,666),(667,668,669),(670,671,672),(673,674,675),(676,677,678),(679,680,681),(682,683,684),(685,686,687),(688,689,690),(691,692,693),(694,695,696),(697,698,699),(700,701,702),(703,704,705),(706,707,708),(709,710,711),(712,713,714),(715,716,717),(718,719,720),(721,722,723),(724,725,726),(727,728,729),(730,731,732),(733,734,735),(736,737,738),(739,740,741),(742,743,744),(745,746,747),(748,749,750),(751,752,753),(754,755,756),(757,758,759),(760,761,762),(763,764,765),(766,767,768),(769,770,771),(772,773,774),(775,776,777),(778,779,780),(781,782,783),(784,785,786),(787,788,789),(790,791,792),(793,794,795),(796,797,798),(799,800,801),(802,803,804),(805,806,807),(808,809,810),(811,812,813),(814,815,816),(817,818,819),(820,821,822),(823,824,825),(826,827,828),(829,830,831),(832,833,834),(835,836,837),(838,839,840),(841,842,843),(844,845,846),(847,848,849),(850,851,852),(853,854,855),(856,857,858),(859,860,861),(862,863,864),(865,866,867),(868,869,870),(871,872,873),(874,875,876),(877,878,879),(880,881,882),(883,884,885),(886,887,888),(889,890,891),(892,893,894),(895,896,897),(898,899,900),(901,902,903),(904,905,906),(907,908,909),(910,911,912),(913,914,915),(916,917,918),(919,920,921),(922,923,924),(925,926,927),(928,929,930),(931,932,933),(934,935,936),(937,938,939),(940,941,942),(943,944,945),(946,947,948),(949,950,951),(952,953,954),(955,956,957),(958,959,960),(961,962,963),(964,965,966),(967,968,969),(970,971,972),(973,974,975),(976,977,978),(979,980,981),(982,983,984),(985,986,987),(988,989,990),(991,992,993),(994,995,996),(997,998,999),(1000,1001,1002),(1003,1004,1005),(1006,1007,1008),(1009,1010,1011),(1012,1013,1014),(1015,1016,1017),(1018,1019,1020),(1021,1022,1023),(1024,1025,1026),(1027,1028,1029),(1030,1031,1032),(1033,1034,1035),(1036,1037,1038),(1039,1040,1041),(1042,1043,1044),(1045,1046,1047),(1048,1049,1050),(1051,1052,1053),(1054,1055,1056),(1057,1058,1059),(1060,1061,1062),(1063,1064,1065),(1066,1067,1068),(1069,1070,1071),(1072,1073,1074),(1075,1076,1077),(1078,1079,1080),(1081,1082,1083),(1084,1085,1086),(1087,1088,1089),(1090,1091,1092),(1093,1094,1095),(1096,1097,1098),(1099,1100,1101),(1102,1103,1104),(1105,1106,1107),(1108,1109,1110),(1111,1112,1113),(1114,1115,1116),(1117,1118,1119),(1120,1121,1122),(1123,1124,1125),(1126,1127,1128),(1129,1130,1131),(1132,1133,1134),(1135,1136,1137),(1138,1139,1140),(1141,1142,1143),(1144,1145,1146),(1147,1148,1149),(1150,1151,1152),(1153,1154,1155),(1156,1157,1158),(1159,1160,1161),(1162,1163,1164),(1165,1166,1167),(1168,1169,1170),(1171,1172,1173),(1174,1175,1176),(1177,1178,1179),(1180,1181,1182),(1183,1184,1185),(1186,1187,1188),(1189,1190,1191),(1192,1193,1194),(1195,1196,1197),(1198,1199,1200),(1201,1202,1203),(1204,1205,1206),(1207,1208,1209),(1210,1211,1212),(1213,1214,1215),(1216,1217,1218),(1219,1220,1221),(1222,1223,1224),(1225,1226,1227),(1228,1229,1230),(1231,1232,1233),(1234,1235,1236),(1237,1238,1239),(1240,1241,1242),(1243,1244,1245),(1246,1247,1248),(1249,1250,1251),(1252,1253,1254),(1255,1256,1257),(1258,1259,1260),(1261,1262,1263),(1264,1265,1266),(1267,1268,1269),(1270,1271,1272),(1273,1274,1275),(1276,1277,1278),(1279,1280,1281),(1282,1283,1284),(1285,1286,1287),(1288,1289,1290),(1291,1292,1293),(1294,1295,1296),(1297,1298,1299),(1300,1301,1302),(1303,1304,1305),(1306,1307,1308),(1309,1310,1311),(1312,1313,1314),(1315,1316,1317),(1318,1319,1320),(1321,1322,1323),(1324,1325,1326),(1327,1328,1329),(1330,1331,1332),(1333,1334,1335),(1336,1337,1338),(1339,1340,1341),(1342,1343,1344),(1345,1346,1347),(1348,1349,1350),(1351,1352,1353),(1354,1355,1356),(1357,1358,1359),(1360,1361,1362),(1363,1364,1365),(1366,1367,1368),(1369,1370,1371),(1372,1373,1374),(1375,1376,1377),(1378,1379,1380),(1381,1382,1383),(1384,1385,1386),(1387,1388,1389),(1390,1391,1392),(1393,1394,1395),(1396,1397,1398),(1399,1400,1401),(1402,1403,1404),(1405,1406,1407),(1408,1409,1410),(1411,1412,1413),(1414,1415,1416),(1417,1418,1419),(1420,1421,1422),(1423,1424,1425),(1426,1427,1428),(1429,1430,1431),(1432,1433,1434),(1435,1436,1437),(1438,1439,1440),(1441,1442,1443),(1444,1445,1446),(1447,1448,1449),(1450,1451,1452),(1453,1454,1455),(1456,1457,1458),(1459,1460,1461),(1462,1463,1464),(1465,1466,1467),(1468,1469,1470),(1471,1472,1473),(1474,1475,1476),(1477,1478,1479),(1480,1481,1482),(1483,1484,1485),(1486,1487,1488),(1489,1490,1491),(1492,1493,1494),(1495,1496,1497),(1498,1499,1500),(1501,1502,1503),(1504,1505,1506),(1507,1508,1509),(1510,1511,1512),(1513,1514,1515),(1516,1517,1518),(1519,1520,1521),(1522,1523,1524),(1525,1526,1527),(1528,1529,1530),(1531,1532,1533),(1534,1535,1536),(1537,1538,1539),(1540,1541,1542),(1543,1544,1545),(1546,1547,1548),(1549,1550,1551),(1552,1553,1554),(1555,1556,1557),(1558,1559,1560),(1561,1562,1563),(1564,1565,1566),(1567,1568,1569),(1570,1571,1572),(1573,1574,1575),(1576,1577,1578),(1579,1580,1581),(1582,1583,1584),(1585,1586,1587),(1588,1589,1590),(1591,1592,1593),(1594,1595,1596),(1597,1598,1599),(1600,1601,1602),(1603,1604,1605),(1606,1607,1608),(1609,1610,1611),(1612,1613,1614),(1615,1616,1617),(1618,1619,1620),(1621,1622,1623),(1624,1625,1626),(1627,1628,1629),(1630,1631,1632),(1633,1634,1635),(1636,1637,1638),(1639,1640,1641),(1642,1643,1644),(1645,1646,1647),(1648,1649,1650),(1651,1652,1653),(1654,1655,1656),(1657,1658,1659),(1660,1661,1662),(1663,1664,1665),(1666,1667,1668),(1669,1670,1671),(1672,1673,1674),(1675,1676,1677),(1678,1679,1680),(1681,1682,1683),(1684,1685,1686),(1687,1688,1689),(1690,1691,1692),(1693,1694,1695),(1696,1697,1698),(1699,1700,1701),(1702,1703,1704),(1705,1706,1707),(1708,1709,1710),(1711,1712,1713),(1714,1715,1716),(1717,1718,1719),(1720,1721,1722),(1723,1724,1725),(1726,1727,1728),(1729,1730,1731),(1732,1733,1734),(1735,1736,1737),(1738,1739,1740),(1741,1742,1743),(1744,1745,1746),(1747,1748,1749),(1750,1751,1752),(1753,1754,1755),(1756,1757,1758),(1759,1760,1761),(1762,1763,1764),(1765,1766,1767),(1768,1769,1770),(1771,1772,1773),(1774,1775,1776),(1777,1778,1779),(1780,1781,1782),(1783,1784,1785),(1786,1787,1788),(1789,1790,1791),(1792,1793,1794),(1795,1796,1797),(1798,1799,1800),(1801,1802,1803),(1804,1805,1806),(1807,1808,1809),(1810,1811,1812),(1813,1814,1815),(1816,1817,1818),(1819,1820,1821),(1822,1823,1824),(1825,1826,1827),(1828,1829,1830),(1831,1832,1833),(1834,1835,1836),(1837,1838,1839),(1840,1841,1842),(1843,1844,1845),(1846,1847,1848),(1849,1850,1851),(1852,1853,1854),(1855,1856,1857),(1858,1859,1860),(1861,1862,1863),(1864,1865,1866),(1867,1868,1869),(1870,1871,1872),(1873,1874,1875),(1876,1877,1878),(1879,1880,1881),(1882,1883,1884),(1885,1886,1887),(1888,1889,1890),(1891,1892,1893),(1894,1895,1896),(1897,1898,1899),(1900,1901,1902),(1903,1904,1905),(1906,1907,1908),(1909,1910,1911),(1912,1913,1914),(1915,1916,1917),(1918,1919,1920),(1921,1922,1923),(1924,1925,1926),(1927,1928,1929),(1930,1931,1932),(1933,1934,1935),(1936,1937,1938),(1939,1940,1941),(1942,1943,1944),(1945,1946,1947),(1948,1949,1950),(1951,1952,1953),(1954,1955,1956),(1957,1958,1959),(1960,1961,1962),(1963,1964,1965),(1966,1967,1968),(1969,1970,1971),(1972,1973,1974),(1975,1976,1977),(1978,1979,1980),(1981,1982,1983),(1984,1985,1986),(1987,1988,1989),(1990,1991,1992),(1993,1994,1995),(1996,1997,1998),(1999,2000,2001),(2002,2003,2004),(2005,2006,2007),(2008,2009,2010),(2011,2012,2013),(2014,2015,2016),(2017,2018,2019),(2020,2021,2022),(2023,2024,2025),(2026,2027,2028),(2029,2030,2031),(2032,2033,2034),(2035,2036,2037),(2038,2039,2040),(2041,2042,2043),(2044,2045,2046),(2047,2048,2049),(2050,2051,2052),(2053,2054,2055),(2056,2057,2058),(2059,2060,2061),(2062,2063,2064),(2065,2066,2067),(2068,2069,2070),(2071,2072,2073),(2074,2075,2076),(2077,2078,2079),(2080,2081,2082),(2083,2084,2085),(2086,2087,2088),(2089,2090,2091),(2092,2093,2094),(2095,2096,2097),(2098,2099,2100),(2101,2102,2103),(2104,2105,2106),(2107,2108,2109),(2110,2111,2112),(2113,2114,2115),(2116,2117,2118),(2119,2120,2121),(2122,2123,2124),(2125,2126,2127),(2128,2129,2130),(2131,2132,2133),(2134,2135,2136),(2137,2138,2139),(2140,2141,2142),(2143,2144,2145),(2146,2147,2148),(2149,2150,2151),(2152,2153,2154),(2155,2156,2157),(2158,2159,2160),(2161,2162,2163),(2164,2165,2166),(2167,2168,2169),(2170,2171,2172),(2173,2174,2175),(2176,2177,2178),(2179,2180,2181),(2182,2183,2184),(2185,2186,2187),(2188,2189,2190),(2191,2192,2193),(2194,2195,2196),(2197,2198,2199),(2200,2201,2202),(2203,2204,2205),(2206,2207,2208),(2209,2210,2211),(2212,2213,2214),(2215,2216,2217),(2218,2219,2220),(2221,2222,2223),(2224,2225,2226),(2227,2228,2229),(2230,2231,2232),(2233,2234,2235),(2236,2237,2238),(2239,2240,2241),(2242,2243,2244),(2245,2246,2247),(2248,2249,2250),(2251,2252,2253),(2254,2255,2256),(2257,2258,2259),(2260,2261,2262),(2263,2264,2265),(2266,2267,2268),(2269,2270,2271),(2272,2273,2274),(2275,2276,2277),(2278,2279,2280),(2281,2282,2283),(2284,2285,2286),(2287,2288,2289),(2290,2291,2292),(2293,2294,2295),(2296,2297,2298),(2299,2300,2301),(2302,2303,2304),(2305,2306,2307),(2308,2309,2310),(2311,2312,2313),(2314,2315,2316),(2317,2318,2319),(2320,2321,2322),(2323,2324,2325),(2326,2327,2328),(2329,2330,2331),(2332,2333,2334),(2335,2336,2337),(2338,2339,2340),(2341,2342,2343),(2344,2345,2346),(2347,2348,2349),(2350,2351,2352),(2353,2354,2355),(2356,2357,2358),(2359,2360,2361),(2362,2363,2364),(2365,2366,2367),(2368,2369,2370),(2371,2372,2373),(2374,2375,2376),(2377,2378,2379),(2380,2381,2382),(2383,2384,2385),(2386,2387,2388),(2389,2390,2391),(2392,2393,2394),(2395,2396,2397),(2398,2399,2400),(2401,2402,2403),(2404,2405,2406),(2407,2408,2409),(2410,2411,2412),(2413,2414,2415),(2416,2417,2418),(2419,2420,2421),(2422,2423,2424),(2425,2426,2427),(2428,2429,2430),(2431,2432,2433),(2434,2435,2436),(2437,2438,2439),(2440,2441,2442),(2443,2444,2445),(2446,2447,2448),(2449,2450,2451),(2452,2453,2454),(2455,2456,2457),(2458,2459,2460),(2461,2462,2463),(2464,2465,2466),(2467,2468,2469),(2470,2471,2472),(2473,2474,2475),(2476,2477,2478),(2479,2480,2481),(2482,2483,2484),(2485,2486,2487),(2488,2489,2490),(2491,2492,2493),(2494,2495,2496),(2497,2498,2499),(2500,2501,2502),(2503,2504,2505),(2506,2507,2508),(2509,2510,2511),(2512,2513,2514),(2515,2516,2517),(2518,2519,2520),(2521,2522,2523),(2524,2525,2526),(2527,2528,2529),(2530,2531,2532),(2533,2534,2535),(2536,2537,2538),(2539,2540,2541),(2542,2543,2544),(2545,2546,2547),(2548,2549,2550),(2551,2552,2553),(2554,2555,2556),(2557,2558,2559),(2560,2561,2562),(2563,2564,2565),(2566,2567,2568),(2569,2570,2571),(2572,2573,2574),(2575,2576,2577),(2578,2579,2580),(2581,2582,2583),(2584,2585,2586),(2587,2588,2589),(2590,2591,2592),(2593,2594,2595),(2596,2597,2598),(2599,2600,2601),(2602,2603,2604),(2605,2606,2607),(2608,2609,2610),(2611,2612,2613),(2614,2615,2616),(2617,2618,2619),(2620,2621,2622),(2623,2624,2625),(2626,2627,2628),(2629,2630,2631),(2632,2633,2634),(2635,2636,2637),(2638,2639,2640),(2641,2642,2643),(2644,2645,2646),(2647,2648,2649),(2650,2651,2652),(2653,2654,2655),(2656,2657,2658),(2659,2660,2661),(2662,2663,2664),(2665,2666,2667),(2668,2669,2670),(2671,2672,2673),(2674,2675,2676),(2677,2678,2679),(2680,2681,2682),(2683,2684,2685),(2686,2687,2688),(2689,2690,2691),(2692,2693,2694),(2695,2696,2697),(2698,2699,2700),(2701,2702,2703),(2704,2705,2706),(2707,2708,2709),(2710,2711,2712),(2713,2714,2715),(2716,2717,2718),(2719,2720,2721),(2722,2723,2724),(2725,2726,2727),(2728,2729,2730),(2731,2732,2733),(2734,2735,2736),(2737,2738,2739),(2740,2741,2742),(2743,2744,2745),(2746,2747,2748),(2749,2750,2751),(2752,2753,2754),(2755,2756,2757),(2758,2759,2760),(2761,2762,2763),(2764,2765,2766),(2767,2768,2769),(2770,2771,2772),(2773,2774,2775),(2776,2777,2778),(2779,2780,2781),(2782,2783,2784),(2785,2786,2787),(2788,2789,2790),(2791,2792,2793),(2794,2795,2796),(2797,2798,2799),(2800,2801,2802),(2803,2804,2805),(2806,2807,2808),(2809,2810,2811),(2812,2813,2814),(2815,2816,2817),(2818,2819,2820),(2821,2822,2823),(2824,2825,2826),(2827,2828,2829),(2830,2831,2832),(2833,2834,2835),(2836,2837,2838),(2839,2840,2841),(2842,2843,2844),(2845,2846,2847),(2848,2849,2850),(2851,2852,2853),(2854,2855,2856),(2857,2858,2859),(2860,2861,2862),(2863,2864,2865),(2866,2867,2868),(2869,2870,2871),(2872,2873,2874),(2875,2876,2877),(2878,2879,2880),(2881,2882,2883),(2884,2885,2886),(2887,2888,2889),(2890,2891,2892),(2893,2894,2895),(2896,2897,2898),(2899,2900,2901),(2902,2903,2904),(2905,2906,2907),(2908,2909,2910),(2911,2912,2913),(2914,2915,2916),(2917,2918,2919),(2920,2921,2922),(2923,2924,2925),(2926,2927,2928),(2929,2930,2931),(2932,2933,2934),(2935,2936,2937),(2938,2939,2940),(2941,2942,2943),(2944,2945,2946),(2947,2948,2949),(2950,2951,2952),(2953,2954,2955),(2956,2957,2958),(2959,2960,2961),(2962,2963,2964),(2965,2966,2967),(2968,2969,2970),(2971,2972,2973),(2974,2975,2976),(2977,2978,2979),(2980,2981,2982),(2983,2984,2985),(2986,2987,2988),(2989,2990,2991),(2992,2993,2994),(2995,2996,2997),(2998,2999,3000),(3001,3002,3003),(3004,3005,3006),(3007,3008,3009),(3010,3011,3012),(3013,3014,3015),(3016,3017,3018),(3019,3020,3021),(3022,3023,3024),(3025,3026,3027),(3028,3029,3030),(3031,3032,3033),(3034,3035,3036),(3037,3038,3039),(3040,3041,3042),(3043,3044,3045),(3046,3047,3048),(3049,3050,3051),(3052,3053,3054),(3055,3056,3057),(3058,3059,3060),(3061,3062,3063),(3064,3065,3066),(3067,3068,3069),(3070,3071,3072),(3073,3074,3075),(3076,3077,3078),(3079,3080,3081),(3082,3083,3084),(3085,3086,3087),(3088,3089,3090),(3091,3092,3093),(3094,3095,3096),(3097,3098,3099),(3100,3101,3102),(3103,3104,3105),(3106,3107,3108),(3109,3110,3111),(3112,3113,3114),(3115,3116,3117),(3118,3119,3120),(3121,3122,3123),(3124,3125,3126),(3127,3128,3129),(3130,3131,3132),(3133,3134,3135),(3136,3137,3138),(3139,3140,3141),(3142,3143,3144),(3145,3146,3147),(3148,3149,3150),(3151,3152,3153),(3154,3155,3156),(3157,3158,3159),(3160,3161,3162),(3163,3164,3165),(3166,3167,3168),(3169,3170,3171),(3172,3173,3174),(3175,3176,3177),(3178,3179,3180),(3181,3182,3183),(3184,3185,3186),(3187,3188,3189),(3190,3191,3192),(3193,3194,3195),(3196,3197,3198),(3199,3200,3201),(3202,3203,3204),(3205,3206,3207),(3208,3209,3210),(3211,3212,3213),(3214,3215,3216),(3217,3218,3219),(3220,3221,3222),(3223,3224,3225),(3226,3227,3228),(3229,3230,3231),(3232,3233,3234),(3235,3236,3237),(3238,3239,3240),(3241,3242,3243),(3244,3245,3246),(3247,3248,3249),(3250,3251,3252),(3253,3254,3255),(3256,3257,3258),(3259,3260,3261),(3262,3263,3264),(3265,3266,3267),(3268,3269,3270),(3271,3272,3273),(3274,3275,3276),(3277,3278,3279),(3280,3281,3282),(3283,3284,3285),(3286,3287,3288),(3289,3290,3291),(3292,3293,3294),(3295,3296,3297),(3298,3299,3300),(3301,3302,3303),(3304,3305,3306),(3307,3308,3309),(3310,3311,3312),(3313,3314,3315),(3316,3317,3318),(3319,3320,3321),(3322,3323,3324),(3325,3326,3327),(3328,3329,3330),(3331,3332,3333),(3334,3335,3336),(3337,3338,3339),(3340,3341,3342),(3343,3344,3345),(3346,3347,3348),(3349,3350,3351),(3352,3353,3354),(3355,3356,3357),(3358,3359,3360),(3361,3362,3363),(3364,3365,3366),(3367,3368,3369),(3370,3371,3372),(3373,3374,3375),(3376,3377,3378),(3379,3380,3381),(3382,3383,3384),(3385,3386,3387),(3388,3389,3390),(3391,3392,3393),(3394,3395,3396),(3397,3398,3399),(3400,3401,3402),(3403,3404,3405),(3406,3407,3408),(3409,3410,3411),(3412,3413,3414),(3415,3416,3417),(3418,3419,3420),(3421,3422,3423),(3424,3425,3426),(3427,3428,3429),(3430,3431,3432),(3433,3434,3435),(3436,3437,3438),(3439,3440,3441),(3442,3443,3444),(3445,3446,3447),(3448,3449,3450),(3451,3452,3453),(3454,3455,3456),(3457,3458,3459),(3460,3461,3462),(3463,3464,3465),(3466,3467,3468),(3469,3470,3471),(3472,3473,3474),(3475,3476,3477),(3478,3479,3480),(3481,3482,3483),(3484,3485,3486),(3487,3488,3489),(3490,3491,3492),(3493,3494,3495),(3496,3497,3498),(3499,3500,3501),(3502,3503,3504),(3505,3506,3507),(3508,3509,3510),(3511,3512,3513),(3514,3515,3516),(3517,3518,3519),(3520,3521,3522),(3523,3524,3525),(3526,3527,3528),(3529,3530,3531),(3532,3533,3534),(3535,3536,3537),(3538,3539,3540),(3541,3542,3543),(3544,3545,3546),(3547,3548,3549),(3550,3551,3552),(3553,3554,3555),(3556,3557,3558),(3559,3560,3561),(3562,3563,3564),(3565,3566,3567),(3568,3569,3570),(3571,3572,3573),(3574,3575,3576),(3577,3578,3579),(3580,3581,3582),(3583,3584,3585),(3586,3587,3588),(3589,3590,3591),(3592,3593,3594),(3595,3596,3597),(3598,3599,3600),(3601,3602,3603),(3604,3605,3606),(3607,3608,3609),(3610,3611,3612),(3613,3614,3615),(3616,3617,3618),(3619,3620,3621),(3622,3623,3624),(3625,3626,3627),(3628,3629,3630),(3631,3632,3633),(3634,3635,3636),(3637,3638,3639),(3640,3641,3642),(3643,3644,3645),(3646,3647,3648),(3649,3650,3651),(3652,3653,3654),(3655,3656,3657),(3658,3659,3660),(3661,3662,3663),(3664,3665,3666),(3667,3668,3669),(3670,3671,3672),(3673,3674,3675),(3676,3677,3678),(3679,3680,3681),(3682,3683,3684),(3685,3686,3687),(3688,3689,3690),(3691,3692,3693),(3694,3695,3696),(3697,3698,3699),(3700,3701,3702),(3703,3704,3705),(3706,3707,3708),(3709,3710,3711),(3712,3713,3714),(3715,3716,3717),(3718,3719,3720),(3721,3722,3723),(3724,3725,3726),(3727,3728,3729),(3730,3731,3732),(3733,3734,3735),(3736,3737,3738),(3739,3740,3741),(3742,3743,3744),(3745,3746,3747),(3748,3749,3750),(3751,3752,3753),(3754,3755,3756),(3757,3758,3759),(3760,3761,3762),(3763,3764,3765),(3766,3767,3768),(3769,3770,3771),(3772,3773,3774),(3775,3776,3777),(3778,3779,3780),(3781,3782,3783),(3784,3785,3786),(3787,3788,3789),(3790,3791,3792),(3793,3794,3795),(3796,3797,3798),(3799,3800,3801),(3802,3803,3804),(3805,3806,3807),(3808,3809,3810),(3811,3812,3813),(3814,3815,3816),(3817,3818,3819),(3820,3821,3822),(3823,3824,3825),(3826,3827,3828),(3829,3830,3831),(3832,3833,3834),(3835,3836,3837),(3838,3839,3840),(3841,3842,3843),(3844,3845,3846),(3847,3848,3849),(3850,3851,3852),(3853,3854,3855),(3856,3857,3858),(3859,3860,3861),(3862,3863,3864),(3865,3866,3867),(3868,3869,3870),(3871,3872,3873),(3874,3875,3876),(3877,3878,3879),(3880,3881,3882),(3883,3884,3885),(3886,3887,3888),(3889,3890,3891),(3892,3893,3894),(3895,3896,3897),(3898,3899,3900),(3901,3902,3903),(3904,3905,3906),(3907,3908,3909),(3910,3911,3912),(3913,3914,3915),(3916,3917,3918),(3919,3920,3921),(3922,3923,3924),(3925,3926,3927),(3928,3929,3930),(3931,3932,3933),(3934,3935,3936),(3937,3938,3939),(3940,3941,3942),(3943,3944,3945),(3946,3947,3948),(3949,3950,3951),(3952,3953,3954),(3955,3956,3957),(3958,3959,3960),(3961,3962,3963),(3964,3965,3966),(3967,3968,3969),(3970,3971,3972),(3973,3974,3975),(3976,3977,3978),(3979,3980,3981),(3982,3983,3984),(3985,3986,3987),(3988,3989,3990),(3991,3992,3993),(3994,3995,3996),(3997,3998,3999),(4000,4001,4002),(4003,4004,4005),(4006,4007,4008),(4009,4010,4011),(4012,4013,4014),(4015,4016,4017),(4018,4019,4020),(4021,4022,4023),(4024,4025,4026),(4027,4028,4029),(4030,4031,4032),(4033,4034,4035),(4036,4037,4038),(4039,4040,4041),(4042,4043,4044),(4045,4046,4047),(4048,4049,4050),(4051,4052,4053),(4054,4055,4056),(4057,4058,4059),(4060,4061,4062),(4063,4064,4065),(4066,4067,4068),(4069,4070,4071),(4072,4073,4074),(4075,4076,4077),(4078,4079,4080),(4081,4082,4083),(4084,4085,4086),(4087,4088,4089),(4090,4091,4092),(4093,4094,4095),(4096,4097,4098),(4099,4100,4101),(4102,4103,4104),(4105,4106,4107),(4108,4109,4110),(4111,4112,4113),(4114,4115,4116),(4117,4118,4119),(4120,4121,4122),(4123,4124,4125),(4126,4127,4128),(4129,4130,4131),(4132,4133,4134),(4135,4136,4137),(4138,4139,4140),(4141,4142,4143),(4144,4145,4146),(4147,4148,4149),(4150,4151,4152),(4153,4154,4155),(4156,4157,4158),(4159,4160,4161),(4162,4163,4164),(4165,4166,4167),(4168,4169,4170),(4171,4172,4173),(4174,4175,4176),(4177,4178,4179),(4180,4181,4182),(4183,4184,4185),(4186,4187,4188),(4189,4190,4191),(4192,4193,4194),(4195,4196,4197),(4198,4199,4200),(4201,4202,4203),(4204,4205,4206),(4207,4208,4209),(4210,4211,4212),(4213,4214,4215),(4216,4217,4218),(4219,4220,4221),(4222,4223,4224),(4225,4226,4227),(4228,4229,4230),(4231,4232,4233),(4234,4235,4236),(4237,4238,4239),(4240,4241,4242),(4243,4244,4245),(4246,4247,4248),(4249,4250,4251),(4252,4253,4254),(4255,4256,4257),(4258,4259,4260),(4261,4262,4263),(4264,4265,4266),(4267,4268,4269),(4270,4271,4272),(4273,4274,4275),(4276,4277,4278),(4279,4280,4281),(4282,4283,4284),(4285,4286,4287),(4288,4289,4290),(4291,4292,4293),(4294,4295,4296),(4297,4298,4299),(4300,4301,4302),(4303,4304,4305),(4306,4307,4308),(4309,4310,4311),(4312,4313,4314),(4315,4316,4317),(4318,4319,4320),(4321,4322,4323),(4324,4325,4326),(4327,4328,4329),(4330,4331,4332),(4333,4334,4335),(4336,4337,4338),(4339,4340,4341),(4342,4343,4344),(4345,4346,4347),(4348,4349,4350),(4351,4352,4353),(4354,4355,4356),(4357,4358,4359),(4360,4361,4362),(4363,4364,4365),(4366,4367,4368),(4369,4370,4371),(4372,4373,4374),(4375,4376,4377),(4378,4379,4380),(4381,4382,4383),(4384,4385,4386),(4387,4388,4389),(4390,4391,4392),(4393,4394,4395),(4396,4397,4398),(4399,4400,4401),(4402,4403,4404),(4405,4406,4407),(4408,4409,4410),(4411,4412,4413),(4414,4415,4416),(4417,4418,4419),(4420,4421,4422),(4423,4424,4425),(4426,4427,4428),(4429,4430,4431),(4432,4433,4434),(4435,4436,4437),(4438,4439,4440),(4441,4442,4443),(4444,4445,4446),(4447,4448,4449),(4450,4451,4452),(4453,4454,4455),(4456,4457,4458),(4459,4460,4461),(4462,4463,4464),(4465,4466,4467),(4468,4469,4470),(4471,4472,4473),(4474,4475,4476),(4477,4478,4479),(4480,4481,4482),(4483,4484,4485),(4486,4487,4488),(4489,4490,4491),(4492,4493,4494),(4495,4496,4497),(4498,4499,4500),(4501,4502,4503),(4504,4505,4506),(4507,4508,4509),(4510,4511,4512),(4513,4514,4515),(4516,4517,4518),(4519,4520,4521),(4522,4523,4524),(4525,4526,4527),(4528,4529,4530),(4531,4532,4533),(4534,4535,4536),(4537,4538,4539),(4540,4541,4542),(4543,4544,4545),(4546,4547,4548),(4549,4550,4551),(4552,4553,4554),(4555,4556,4557),(4558,4559,4560),(4561,4562,4563),(4564,4565,4566),(4567,4568,4569),(4570,4571,4572),(4573,4574,4575),(4576,4577,4578),(4579,4580,4581),(4582,4583,4584),(4585,4586,4587),(4588,4589,4590),(4591,4592,4593),(4594,4595,4596),(4597,4598,4599),(4600,4601,4602),(4603,4604,4605),(4606,4607,4608),(4609,4610,4611),(4612,4613,4614),(4615,4616,4617),(4618,4619,4620),(4621,4622,4623),(4624,4625,4626),(4627,4628,4629),(4630,4631,4632),(4633,4634,4635),(4636,4637,4638),(4639,4640,4641),(4642,4643,4644),(4645,4646,4647),(4648,4649,4650),(4651,4652,4653),(4654,4655,4656),(4657,4658,4659),(4660,4661,4662),(4663,4664,4665),(4666,4667,4668),(4669,4670,4671),(4672,4673,4674),(4675,4676,4677),(4678,4679,4680),(4681,4682,4683),(4684,4685,4686),(4687,4688,4689),(4690,4691,4692),(4693,4694,4695),(4696,4697,4698),(4699,4700,4701),(4702,4703,4704),(4705,4706,4707),(4708,4709,4710),(4711,4712,4713),(4714,4715,4716),(4717,4718,4719),(4720,4721,4722),(4723,4724,4725),(4726,4727,4728),(4729,4730,4731),(4732,4733,4734),(4735,4736,4737),(4738,4739,4740),(4741,4742,4743),(4744,4745,4746),(4747,4748,4749),(4750,4751,4752),(4753,4754,4755),(4756,4757,4758),(4759,4760,4761),(4762,4763,4764),(4765,4766,4767),(4768,4769,4770),(4771,4772,4773),(4774,4775,4776),(4777,4778,4779),(4780,4781,4782),(4783,4784,4785),(4786,4787,4788),(4789,4790,4791),(4792,4793,4794),(4795,4796,4797),(4798,4799,4800),(4801,4802,4803),(4804,4805,4806),(4807,4808,4809),(4810,4811,4812),(4813,4814,4815),(4816,4817,4818),(4819,4820,4821),(4822,4823,4824),(4825,4826,4827),(4828,4829,4830),(4831,4832,4833),(4834,4835,4836)));
#1143=TESSELLATED_GEOMETRIC_SET('hole callout',(#1142));
#1144=COORDINATES_LIST('coordinates',5,((0.2824559,0.0446870,-0.0052000),(0.3172503,0.0446870,-0.0052000),(0.2673759,0.0547670,-0.0052000),(0.2774559,0.0446870,-0.0052000),(0.2824559,0.0446870,-0.0052000)));
#1145=TESSELLATED_CURVE_SET('curve set',#1144,((1,2),(3,4,5)));
#1146=TESSELLATED_GEOMETRIC_SET('hole callout',(#1145));
#1147=TESSELLATED_ANNOTATION_OCCURRENCE('hole callout',(#1140),#1143);
#1148=TESSELLATED_ANNOTATION_OCCURRENCE('hole callout',(#1140),#1146);
#1149=DRAUGHTING_CALLOUT('hole callout',(#1147,#1148));
#1150=DRAUGHTING_MODEL_ITEM_ASSOCIATION('','',#1091,#1136,#1149);
#1151=DRAUGHTING_MODEL_ITEM_ASSOCIATION('','',#1099,#1136,#1149);
#1152=DRAUGHTING_MODEL_ITEM_ASSOCIATION('','',#1107,#1136,#1149);
#1153=DRAUGHTING_MODEL_ITEM_ASSOCIATION('','',#1042,#1136,#1149);
ENDSEC;
END-ISO-10303-21;
